기사제목,작성일,URL,기사 본문 전체,검색 구분 레이블,본문_길이,수치_매칭,시점_매칭,claim_type,difficulty,category,source_method
현대차 임직원들 개인정보도 유출,2025-04-30,https://www.chosun.com/economy/auto/2025/04/30/H44KKIDOCRCQDOUUGJVPXEJ63U,"현대차 임직원들 개인정보도 유출 이영관 기자 입력 2025.04.30. 23:04 업데이트 2025.04.30. 23:53 2 현대차그룹 북미법인 서버가 해킹돼 국내외 임직원 수만 명의 개인 정보가 유출되는 사건이 발생했다. 고객과 기술 정보 등 경영상 기밀에 해당되는 정보는 유출되지 않았고, 현재까지 유출된 개인 정보를 악용한 사례는 확인되지 않았다. 30일 현대차그룹은 지난달 초 국내 본사와 협력사, 북미법인 일부 임직원의 개인 정보가 유출됐다고 밝혔다. 피해 임직원 숫자는 수만 명에 이르는 것으로 알려졌다. 임직원들의 회사명, 이름, 사내 업무 시스템 아이디와 비밀번호, 부서명, 직급 정보 등이 유출됐다. 피해 규모가 늘어날 수 있다는 지적도 나온다. 현대차그룹의 글로벌 임직원 숫자는 30만명 안팎에 달한다. 다만 고객 정보, 기술 및 신차 개발 정보 등 기밀 정보는 유출되지 않은 것으로 파악됐다. 현대차그룹은 지난달 6일 북미법인 IDC(인터넷 데이터 센터) 서버를 통해 임직원 개인 정보 유출이 발생했다는 것을 인지, 다음 날인 7일 한국인터넷진흥원(KISA)에 개인 정보 유출 정황을 신고했다. 현대차그룹은 지난 28일 한국인터넷진흥원에서 ‘서버에 비정상적 접근이 확인됐다’는 내용의 답신을 받았다. 현대차그룹 관계자는 “현재까지 유출된 정보를 악용한 사례를 확인하지 못했다”며 “보안 사고에 사용된 IP 주소(인터넷 주소)를 차단하고, 유출 가능성이 있는 계정의 비밀번호는 변경했다”고 했다. 2차 피해 예방을 위해 임직원들에게 사내 업무 시스템과 동일한 비밀번호를 사용하는 개인 계정의 비밀번호 변경 등도 이날 권고했다.",True,809,3,2,absolute,medium,사회,heuristic
국정자원 화재 13일째…정부 전산망 복구율 25.8%,2025-10-08,https://biz.chosun.com/topics/topics_social/2025/10/08/ZLDOVWK7HFGRVAZ6VJVZ7524ZM/,"사회 사회 일반 국정자원 화재 13일째…정부 전산망 복구율 25.8% 이인아 기자 입력 2025.10.08. 22:01 국가정보자원관리원(이하 국정자원) 대전 본원 화재로 마비된 행정정보시스템 647개 중 1등급 핵심 시스템 22개를 포함한 167개가 복구됐다. 8일 중앙재난안전대책본부(중대본)에 따르면 국정자원 화재에 따른 정부 정보시스템 장애 13일째인 이날 오후 6시 기준 복구율은 25.8%다. 전날 밤늦게 문화체육관광부 내부 업무포털이 재개됐고 이날 관세청의 업무 지원 프로그램, 국가데이터처 지표누리(부분 복구), 국무조정실 대한민국ODA통합누리집이 복구됐다. 정부는 지난달 26일 국정자원 대전 본원에서 발생한 화재로 647개 정부 정보시스템이 중단되자 인력과 장비를 총동원해 복구작업을 벌이고 있다. 대전 본원은 2층부터 5층까지 총 9개 전산실로 구성됐다. 화재가 난 5층에는 7, 7-1, 8 전산실이 있다. 이 중 7전산실에 200개, 화재가 발생한 7-1 전산실에 96개, 8전산실에 34개 등 전체 시스템의 절반이 넘는 330개(51%)가 집중됐다. 정부는 화재로 전소된 7-1 전산실의 96개 시스템은 대구센터 내 '민관협력형 클라우드'로 이전 복구를 추진 중이다. 윤호중 행안부 장관은 이날 국정자원 대전 본원을 방문해 ""8전산실은 분진 제거 작업이 완료돼 전력공급 시설만 가동이 되면 복구에 속도를 낼 수 있을 것 같다. ""7·7-1전산실이 4층의 5·6 전산실과 연계 운영되고 있는 시스템이 많아서 속도가 늦어지고 있다""고 말했다. English 기사보기 이인아 기자 편집국 증권부 오늘의 핫뉴스 K뷰티 美서 인기라더니… 죽 쑤는 북미 공장의 아이러니 ""현대차는 좀 고리타분해…"" 14년 뒤 이미지 바꾼 한 수 李, 대선 때 54억원 썼다… 네이버 속 선거 광고, 단가는? 쟤는 더 주고 나는 왜 없어? 서울 공기업 퇴직금 갈린 이유 파킨슨병 징조, 여기에 있었다 ""어쩐지 뱃속이 부글부글"" 사회 많이 본 뉴스 [법조 인사이드] 같은 서울 공기업인데… 전략이 '성과급 퇴직금' 갈랐다 한동훈, 신생 로펌에 합류…법무법인 다함 변호사 됐다 오늘만 유해 추정물 111점… 무안공항 참사 재수색 나흘째 당신이 좋아할 만한 콘텐츠 아침에 일어날 때 허리 아픈 사람 이거 공감되면 꼭 보세요 평온한 일상 ""당뇨"" 심각환자... 혈당 뚝 낮춰주었던 1가지 습관 김여사 1년 넘게 먹은 루테인 버렸더니... 시력 좋아졌네요 탐구하는 박선생 현대엘리베이터, 고층 모듈러 공법 첫 상용화… 기간 80% 단축 故이주실 암 투병 사망 하루 만 빈소 마련…5일 발인 '성매매 벌금형' 지나, 자숙 중 결혼했나?..아이 안고 유모차 산책 [핫피플] 100자평 도움말 삭제기준",True,1334,16,1,distribution,hard,인구,heuristic
"공수처, 신임 검사 자체 교육 실시... 2021년 출범 후 처음",2025-05-25,https://www.chosun.com/national/court_law/2025/05/25/XOCA3YPWP5EHRAHAKIAOFMEYMA,"공수처, 신임 검사 자체 교육 실시... 2021년 출범 후 처음 오는 26일부터 검사 직무역량 등 교육 박강현 기자 입력 2025.05.25. 20:43 업데이트 2025.05.25. 21:58 1 고위공직자범죄수사처(공수처)가 법무부 산하 교육기관인 법무연수원 위탁 없이 신임 검사 등에 대한 교육에 나서는 것으로 25일 확인됐다. 2021년 설립 이후 처음이다. 본지 취재를 종합하면 공수처는 오는 26일부터 30일까지 닷새 동안 신규 임용 검사를 대상으로 공수처의 기능과 역할 및 검사 직무역량 등 교육을 실시한다. 공수처가 교육 일정을 자체적으로 구성해 교육에 나선 것은 이번이 처음이다. 공수처 관계자는 “앞으로 신임 검사들이 계속 올텐데 저희만의 노하우를 정리·적용하기 위해 준비를 했었다”며 “거창한 교육은 아니고, 조직 시스템과 형사사법정보시스템(KICS·킥스) 등에 대한 교육을 할 계획”이라고 했다. 그간 공수처 신임 검사 등은 법무연수원에서 위탁 교육을 받았다. 재직 중인 검사 상당수가 수사 경험이 없었고, 공수처 자체 교육기관도 없었기 때문이다. 이를 두고 법조계에서는 “실무 교육이 필요한 건 맞지만, 검사를 수사하는 독립 기관으로 출범한 공수처가 검찰에 교육을 맡기는 건 모순 아니냐”는 지적도 제기된 바 있다. 이런 가운데 공수처가 자체적인 교육을 실시하기로 한 배경에는 조직 내 수사 경험이 일정 수준 축적됐다는 판단을 내린 것으로 보인다. 앞서 공수처는 지난 19일 이주호 대통령 권한대행 부총리 겸 교육부 장관이 신규 검사 임명을 재가해 26일 자로 검사 7명(부장검사 2명·평검사 5명)을 충원한다고 밝혔다. 인력 부족을 호소하던 공수처는 이번 인사로 검사 정원 25명 가운데 21명을 채웠다. 공수처 검사 교육",False,867,7,2,absolute,medium,사회,heuristic
"트럼프가 콕 찍은 조선·LNG… 韓, 美 군함 만들고 알래스카 사업 검토",2025-04-10,https://www.chosun.com/economy/industry-company/2025/04/10/5K5ZFRQNWVBP7FVXIXR6NRPEEQ,"트럼프가 콕 찍은 조선·LNG… 韓, 美 군함 만들고 알래스카 사업 검토 美서 보폭 넓히는 한국 조선 알래스카 LNG 프로젝트 참여 고심 조재희 기자 최은경 기자 입력 2025.04.10. 01:07 업데이트 2025.04.10. 11:09 2 도널드 트럼프 미 대통령이 지난 8일 한덕수 대통령 권한대행과 통화를 마친 직후 트루스소셜에 ‘원스톱 쇼핑‘을 강조하며, ‘조선업 협력‘과 ‘대규모 미국산 LNG(액화천연가스) 구매’ ‘알래스카 가스관 합작 투자’ 등을 언급했다. 각국을 향해 관세율을 낮추려면 ‘카드‘를 내놓으라는 태도를 보이던 트럼프 대통령이 거꾸로 카드를 제시하기는 이례적이다. 우리나라가 세계 최고 경쟁력을 가진 조선업, 중국·일본과 함께 세계 3대 수입국인 LNG가 25%에 이르는 상호 관세율을 내리는 데 어떤 역할을 할 수 있을지 주목된다. 이날 미국에 도착한 정인교 통상교섭본부장도 “(조선과 LNG 인프라 건설 등은) 우리가 경쟁력이 있기 때문에 협상 테이블에 올려놓을 것”이라고 말했다. 일단 조선업은 미국의 사정이 급하다. 중국 해군력이 미 해군을 넘보는 현실에서 함정 건조와 유지 보수가 급한 미국이 K조선에 손을 내민다는 것이다. 미 해군은 앞으로 30년간 364척 구매에 1조750억달러(약 1600조원)를 들이기로 한 데 이어 군함 건조를 동맹국에 맡길 수 있도록 관련 법도 60년 만에 개정을 추진하고 있다. 조선사들도 계산기를 두들기며 미국에서 보폭을 넓힌다. 지난 7일 HD현대는 미국 최대 군함 조선소인 헌팅턴 잉걸스와 공정 자동화와 로봇, 인공지능(AI) 도입 및 생산 인력 교육 등에 협력하기로 했고, 지난해 6월 미국 필라델피아에 있는 필리조선소를 인수한 한화오션은 내년까지 군함 건조를 위한 인증을 받고 현지 특수선 시장에 진입할 계획을 추진하고 있다. 한 조선 업계 관계자는 “지난해 우리 수출액이 가장 많은 나라가 중국과 미국인데, 이 두 나라에 수출한 선박은 거의 없었다”며 “이번 협력이 미국 시장 진출 기회가 될 수 있을 것”이라고 말했다. 알래스카 LNG 프로젝트는 조금 더 어려운 문제다. 트럼프 대통령이 반복해 강조할 정도로 공을 들이고, 앞서 대만이 대규모 구매 의사를 내비치면서 우리도 결국 미국 요구를 수용할 수밖에 없다는 시각이 많지만, 최대한 상호 관세에서 양보를 받아내야 한다는 목소리가 크다. 9일 국회에 출석한 안덕근 산업통상자원부 장관이 “LNG 문제에 대해서는 사업성이 있는지와 어떤 형식으로 협력할 수 있는지 미국과 협의해 봐야 한다”고 말을 아낀 것도 이런 상황을 반영한 것으로 풀이된다. 9~11일로 짧은 운송 기간 등은 알래스카산 LNG의 매력으로 꼽히지만, 프로젝트 성공 가능성이 여전히 불투명한 상황에서 대규모 LNG 구매나 1300㎞에 이르는 가스관 사업 참여는 주저할 수밖에 없다는 지적이다. 공기업인 한국가스공사의 재무 구조가 부실한 형편으로 총사업비 440억달러에 이르는 대규모 사업에 참여할 자금을 확보하는 일도 난제로 꼽힌다. #트럼프 조재희 기자 구독수 216 최은경 기자 산업부 조선일보 편집국 산업부에서 근무합니다. 산업통상부와 기후에너지환경부를 담당하며, 산업·통상·에너지",True,1559,7,4,ratio,medium,산업,heuristic
화재로 마비된 정보시스템 복구율 20.7%… 2개 시스템 추가 복구,2025-10-05,https://biz.chosun.com/it-science/general_policy/2025/10/05/MNEEX24ISJCODLR4EX5COOKDTA/,"IT 정책 화재로 마비된 정보시스템 복구율 20.7%… 2개 시스템 추가 복구 이병철 기자 입력 2025.10.05. 19:24 대전 국가정보자원관리원(국정자원) 화재로 마비된 행정정보시스템 647개 가운데 복구 시스템이 134개로 늘어났다. 오전 기준 132개에서 2개 늘어 복구율은 20.7%로 소폭 상승했다. 5일 중앙재난안전대책본부에 따르면 이날 오후 6시 기준 행정안전부의 '통합개방관리시스템 홈페이지'와 '정부청사관리본부 대표 홈페이지' 등 2개 시스템이 추가 복구됐다. 이번에 새로 복구한 시스템은 각각 데이터 시각화 서비스와 청사관리본부의 주요 안내 기능을 담당하고 있다. 지난달 26일 발생한 국정자원 화재로 인해 정부 시스템이 마비되면서 정부는 복구 작업에 총력을 기울이고 있다. 부처별로 복구된 행정전산망은 행정안전부가 34개로 가장 많고, 보건복지부(24개), 과학기술정보통신부(20개), 국가데이터처(19개), 기후에너지환경부(4개) 순이다. English 기사보기 이병철 기자 안녕하세요. 조선비즈 이병철입니다. 안녕하세요. 조선비즈 이병철입니다. 오늘의 핫뉴스 K뷰티 美서 인기라더니… 죽 쑤는 북미 공장의 아이러니 ""현대차는 좀 고리타분해…"" 14년 뒤 이미지 바꾼 한 수 李, 대선 때 54억원 썼다… 네이버 속 선거 광고, 단가는? 쟤는 더 주고 나는 왜 없어? 서울 공기업 퇴직금 갈린 이유 파킨슨병 징조, 여기에 있었다 ""어쩐지 뱃속이 부글부글"" IT 많이 본 뉴스 불붙는 선거 광고전… ""네이버, 후보자 광고는 500만원·정당 광고는 5억원"" [르포] ""뚜벅뚜벅 걸으니 개운""… 장애인 돕는 '웨어러블 로봇' 걷기 행사 가보니 ""버튼 한 번 클릭으로 제미나이 사용""…제미나이 인 크롬 한국 출시 당신이 좋아할 만한 콘텐츠 1년 넘게 먹은 루테인 버렸더니... 시력 좋아졌네요 탐구하는 박선생 2주 먹는순간 '체지방‘ 즉시 빠지는 [고현정 몸매비결] 국내유일 ""이것'' 뭐길래!!? 슬림웨이 고현정 다이어트 아침에 일어날 때 허리 아픈 사람 이거 공감되면 꼭 보세요 평온한 일상 갑작스런 심장마비 사망..故노영국, 오늘(18일) 별세 2주기 [Oh!쎈 이슈] 故이주실 암 투병 사망 하루 만 빈소 마련…5일 발인 ""박나래 남친과 차량 내 성행위, 직장 내 괴롭힘 성립 가능""…변호사 분석 [Oh!쎈 이슈] 100자평 도움말 삭제기준",True,1157,17,1,ratio,medium,산업,heuristic
1분기 가구당 月 소득 1년 새 4.5% 늘었지만 저소득층은 1.5% 줄어,2025-05-30,https://www.chosun.com/economy/economy_general/2025/05/30/PVQ5FXMBSFCETC4MIINOSK535M,"1분기 가구당 月 소득 1년 새 4.5% 늘었지만 저소득층은 1.5% 줄어 통계청 '가계 동향 조사 결과' 김승현 기자 입력 2025.05.30. 00:31 0 올해 1분기(1~3월) 가구당 월평균 소득이 1년 전보다 4.5% 늘었지만 저소득층 소득은 1.5% 감소하는 등 분배 지표가 악화된 것으로 조사됐다. 또 소비 악화로 실질 소비 지출은 1년 9개월 만에 감소세로 돌아섰다. 29일 통계청은 ’2025년 1분기 가계동향 조사 결과’에서, 올해 1분기 가구당 월평균 소득이 535만1000원으로 지난해 같은 기간 대비 4.5% 증가했다고 밝혔다. 가구당 월평균 소득은 2023년 2분기 0.8% 감소한 뒤 7분기 연속 증가했다. 하지만 저소득층의 소득은 줄고 고소득층 소득은 늘면서 계층 간 소득 격차는 커졌다. 소득 하위 20%(1분위) 가구의 월평균 소득은 114만원으로 1년 전보다 1.5% 줄었다. 통계청은 “장기화된 내수 부진에 따른 자영업 악화 등으로 사업소득 등이 감소한 영향”이라고 설명했다. 반면 소득 상위 20%(5분위) 가구의 월평균 소득은 1188만4000원으로 1년 전보다 5.6% 늘었다. 통계청은 “지난해 1분기 주요 기업 성과급 지급이 줄었던 기저 효과로 근로소득이 늘었다”고 했다. 이에 가구원 수가 같다고 가정해 상위 20%의 소득이 하위 20%의 몇 배인지를 보여주는 지표인 균등화 처분가능소득 5분위 배율은 1분기 6.32배로 전년 같은 기간의 5.98배보다 올랐다. 이 배율이 높아진다는 것은 분배 악화를 뜻한다. 한편, 올해 1분기 가구당 월평균 소비 지출은 295만원으로 1년 전보다 1.4% 늘어나는 데 그쳤다. 2020년 1분기 1.6% 이후 가장 낮은 증가 폭이다. 명목 소비 지출에서 물가 상승분을 뺀 실질 소비 지출은 1년 전보다 0.7% 감소했는데, 실질 소비 지출이 감소세로 돌아선 것은 2023년 2분기(-0.5%) 이후 7분기 만이다. 이 같은 감소 폭은 2020년 4분기(-2.8%) 이후 가장 큰 폭이다. 김승현 기자 2016년 조선일보에 입사해 사회부 사건팀, 여론독자부, 미래기획부, 정치부 정당팀, 경제부 증권팀 등을 거쳤습니다. 현재는 세종팀에서 재정경제부·기획예산처·공정거래위원회 등을 출입하고 있습니다. 할아버지부터 사촌 동생까지 쉽게 읽을 수 있는 경제 기사를 쓰겠습니다. 구독수 205 Video Player is loading. Current Time 0:00 / Duration 1:37 Loaded : 4.12% 0:00 Stream Type LIVE Remaining Time - 1:37 1x Chapters descriptions off , selected subtitles settings , opens subtitles settings dialog subtitles off , selected Ladin , selected This is a modal window. Beginning of dialog window. Escape will cancel and close the window. Text Color White Black Red Green Blue Yellow Magenta Cyan Transparency Opaque Semi-Transparent Background Color Black White Red Green Blue Yellow Magenta Cyan Transparency Opaque Semi-Transparent Transparent Window Color Black White Red Green Blue Yellow Magenta Cyan Transparency Transparent Semi-Transparent Opaque Font Size 50% 75% 100% 125% 150% 175% 200% 300% 400% Text Edge Style None Raised Depressed Uniform Dropshadow Font Family Proportional Sans-Serif Monospace Sans-Serif Proportional Serif Monospace Serif Casual Script Small Caps End of dialog window. 100자평 도움말 삭제기준 AI 추천 오늘의 멤버십 조선경제 2조원 볼레오 광산, 1달러 매각... 산업부, 뒤늦은 책임 전가 서명리의 주역인문학 ‘왕이 될 사주’라더니… 그의 몰락과 역술인들의 비겁한 ‘말 바꿈’ AI 추천 오늘의 멤버십 조선경제 2조원 볼레오 광산, 1달러 매각... 산업부, 뒤늦은 책임 전가 서명리의 주역인문학 ‘왕이 될 사주’라더니… 그의 몰락과 역술인들의 비겁한 ‘말 바꿈’ AI 추천 오늘의 멤버십 조선경제 2조원 볼레오 광산, 1달러 매각... 산업부, 뒤늦은 책임 전가 서명리의 주역인문학 ‘왕이 될 사주’라더니… 그의 몰락과 역술인들의 비겁한 ‘말 바꿈’ By Taboola By Taboola 당신이 좋아할 만한 콘텐츠 AD 이번주 로또 구매할 의향 있다면 '이렇게' 해볼 것 로또분석연구소 돌아가기 AD [최대170만원] 인터넷가입 현금 가장 많이 주는 곳 인터넷가입 돌아가기 AD 고혈당 심각했던 환자.. '이것' 으로 혈당관리 성공 혜원이아빠 돌아가기 정선희 ""故안재환 실종신고 안 한 이유, 나한테 복수하나 생각""[핫피플] 돌아가기 서장훈, 결국 눈물...유기견 휠체어 신세에 ""왜 이 고생을"" 울컥 ('백만장자') 돌아가기 화사, 금쪽이 과거 폭로..""母가 울며 못 키우겠다고""('살롱드립')[순간포착] 돌아가기 조선경제 많이 본 뉴스 골드만삭스 ""코스피 목표치 8000 상향… 실적 늘고 저평가"" 글로벌 투자은행(IB) 골드만삭스가 코스피의 향후 12개월 목표치를 기존 7000포인트에서 8000포인트로 상향 조정했다. 20일 금융... 동학 개미 스승 박세익 ""코스피 주도주, 반도체에서 '이것'으로 바뀐다"" “파괴된 건물은 다시 지어야 합니다. 이미 들어간 비용은 매몰 비용이고, 재건을 위해 경제가 돌아가는 거죠. 이란이 중동의 정유·화학 ... 동학 개미 스승 박세익 ""코스피 주도주, 반도체에서 '이것'으로 바뀐다"" “파괴된 건물은 다시 지어야 합니다. 이미 들어간 비용은 매몰 비용이고, 재건을 위해 경제가 돌아가는 거죠. 이란이 중동의 정유·화학 ... By Taboola By Taboola 지금 뜨는 콘텐츠 AD 뱃살 싹 빼주는 이 '3가지' 조합? (+방송 미공개 내용) 클레오핏 돌아가기 AD 반복되는 ""허리통증, 다리저림"" 이제 수술없이 말끔이 간단치료! 제일정형외과병원 돌아가기 AD 로또 기록을 보면 보이는 숫자 패턴 정리, 공통점 있었다?! 로또분석연구소 돌아가기 ""다 팔면 집 살 수 있어"" 김신영, 700켤레↑ 신발방 보유 '깜짝' ('나혼산') 돌아가기 ""그렇게 떠날 땐 언제고” 이종범 복귀 발언, 받아줘선 안 되는 이유 돌아가기 ""후회스럽다"" 이효리, 세상떠난 父와 마지막 투샷...투병 모습 먹먹 [핫피플] 돌아가기 오늘의 멤버십 홍정기 리듬으로 통증리셋 고관절 푸니 무릎도 가뿐… 앉아서 하는 하체 회복운동 김기철의 공미남 맑고 파워풀한 고음… 뮌헨 흔든 ‘소문의 테너’ 백석종 강화송의 스테이리스트 객실 문 앞엔 얼룩말, 난간 위엔 원숭이… 빅토리아 폭포를 품은 리조트 오늘의 멤버십 홍정기 리듬으로 통증리셋 고관절 푸니 무릎도 가뿐… 앉아서 하는 하체 회복운동 김기철의 공미남 맑고 파워풀한 고음… 뮌헨 흔든 ‘소문의 테너’ 백석종 강화송의 스테이리스트 객실 문 앞엔 얼룩말, 난간 위엔 원숭이… 빅토리아 폭포를 품은 리조트 배종찬의 정치&데이터 배우는 영화판에, 기술 전문가는 AI판에… 하정우 수석이 있어야 할 곳 오늘의 멤버십 1 / 2 홍정기 리듬으로 통증리셋 고관절 푸니 무릎도 가뿐… 앉아서 하는 하체 회복운동 김기철의 공미남 맑고 파워풀한 고음… 뮌헨 흔든 ‘소문의 테너’ 백석종 강화송의 스테이리스트 객실 문 앞엔 얼룩말, 난간 위엔 원숭이… 빅토리아 폭포를 품은 리조트 배종찬의 정치&데이터 배우는 영화판에, 기술 전문가는 AI판에… 하정우 수석이 있어야 할 곳 많이 본 뉴스 1 트럼프 ""美협상단 곧 도착... 오늘 이란과 합의 이뤄질 것"" 2 美 주방위군 출신 아빠가 자녀 7명을 총으로... 3 황교익·서승만 등 '코드 인사'에… 문화예술계 ""우리가 깍두기냐"" 4 지수, 친오빠 물의에 선긋기… ""금전·법률적 관계 없다"" 5 도쿄 엘리베이터가 '덜컹'… 日, 후발지진 주의보 발령 6 '미성년자 성폭행' 왕기춘, 6년 복역 마치고 곧 출소 7 동학 개미 스승 박세익 ""코스피 주도주, 반도체에서 '이것'으로 바뀐다"" 8 [오늘의 운세] 4월 21일 화요일 (음력 3월 5일 乙丑) 9 李 ""구성 핵시설 이미 알려져… 정동영 기밀 누설 주장은 잘못"" 10 트럼프 '다음 타깃' 지목된 쿠바…'소달구지' 대공포 훈련 실시 6 '미성년자 성폭행' 왕기춘, 6년 복역 마치고 곧 출소 7 동학 개미 스승 박세익 ""코스피 주도주, 반도체에서 '이것'으로 바뀐다"" 8 [오늘의 운세] 4월 21일 화요일 (음력 3월 5일 乙丑) 9 李 ""구성 핵시설 이미 알려져… 정동영 기밀 누설 주장은 잘못"" 10 트럼프 '다음 타깃' 지목된 쿠바…'소달구지' 대공포 훈련 실시 조선경제 경제 일반 1분기 가구당 月 소득 1년 새 4.5% 늘었지만 저소득층은 1.5% 줄어 통계청 '가계 동향 조사 결과' 1분기 가구당 月 소득 1년 새 4.5% 늘었지만 저소득층은 1.5% 줄어 통계청 '가계 동향 조사 결과' 1분기 가구당 月 소득 1년 새 4.5% 늘었지만 저소득층은 1.5% 줄어 김승현 기자 입력 2025.05.30. 00:31 올해 1분기(1~3월) 가구당 월평균 소득이 1년 전보다 4.5% 늘었지만 저소득층 소득은 1.5% 감소하는 등 분배 지표가 악화된 것으로 조사됐다. 또 소비 악화로 실질 소비 지출은 1년 9개월 만에 감소세로 돌아섰다. 29일 통계청은 ’2025년 1분기 가계동향 조사 결과’에서, 올해 1분기 가구당 월평균 소득이 535만1000원으로 지난해 같은 기간 대비 4.5% 증가했다고 밝혔다. 가구당 월평균 소득은 2023년 2분기 0.8% 감소한 뒤 7분기 연속 증가했다. 하지만 저소득층의 소득은 줄고 고소득층 소득은 늘면서 계층 간 소득 격차는 커졌다. 소득 하위 20%(1분위) 가구의 월평균 소득은 114만원으로 1년 전보다 1.5% 줄었다. 통계청은 “장기화된 내수 부진에 따른 자영업 악화 등으로 사업소득 등이 감소한 영향”이라고 설명했다. 반면 소득 상위 20%(5분위) 가구의 월평균 소득은 1188만4000원으로 1년 전보다 5.6% 늘었다. 통계청은 “지난해 1분기 주요 기업 성과급 지급이 줄었던 기저 효과로 근로소득이 늘었다”고 했다. 이에 가구원 수가 같다고 가정해 상위 20%의 소득이 하위 20%의 몇 배인지를 보여주는 지표인 균등화 처분가능소득 5분위 배율은 1분기 6.32배로 전년 같은 기간의 5.98배보다 올랐다. 이 배율이 높아진다는 것은 분배 악화를 뜻한다. 한편, 올해 1분기 가구당 월평균 소비 지출은 295만원으로 1년 전보다 1.4% 늘어나는 데 그쳤다. 2020년 1분기 1.6% 이후 가장 낮은 증가 폭이다. 명목 소비 지출에서 물가 상승분을 뺀 실질 소비 지출은 1년 전보다 0.7% 감소했는데, 실질 소비 지출이 감소세로 돌아선 것은 2023년 2분기(-0.5%) 이후 7분기 만이다. 이 같은 감소 폭은 2020년 4분기(-2.8%) 이후 가장 큰 폭이다. 김승현 기자 2016년 조선일보에 입사해 사회부 사건팀, 여론독자부, 미래기획부, 정치부 정당팀, 경제부 증권팀 등을 거쳤습니다. 현재는 세종팀에서 재정경제부·기획예산처·공정거래위원회 등을 출입하고 있습니다. 할아버지부터 사촌 동생까지 쉽게 읽을 수 있는 경제 기사를 쓰겠습니다. 구독수 205 김승현 기자 2016년 조선일보에 입사해 사회부 사건팀, 여론독자부, 미래기획부, 정치부 정당팀, 경제부 증권팀 등을 거쳤습니다. 현재는 세종팀에서 재정경제부·기획예산처·공정거래위원회 등을 출입하고 있습니다. 할아버지부터 사촌 동생까지 쉽게 읽을 수 있는 경제 기사를 쓰겠습니다. 2016년 조선일보에 입사해 사회부 사건팀, 여론독자부, 미래기획부, 정치부 정당팀, 경제부 증권팀 등을 거쳤습니다. 현재는 세종팀에서 재정경제부·기획예산처·공정거래위원회 등을 출입하고 있습니다. 할아버지부터 사촌 동생까지 쉽게 읽을 수 있는 경제 기사를 쓰겠습니다. Video Player is loading. Current Time 0:00 / Duration 1:37 Loaded : 4.12% 0:00 Stream Type LIVE Remaining Time - 1:37 1x Chapters descriptions off , selected subtitles settings , opens subtitles settings dialog subtitles off , selected Ladin , selected This is a modal window. Beginning of dialog window. Escape will cancel and close the window. Text Color White Black Red Green Blue Yellow Magenta Cyan Transparency Opaque Semi-Transparent Background Color Black White Red Green Blue Yellow Magenta Cyan Transparency Opaque Semi-Transparent Transparent Window Color Black White Red Green Blue Yellow Magenta Cyan Transparency Transparent Semi-Transparent Opaque Font Size 50% 75% 100% 125% 150% 175% 200% 300% 400% Text Edge Style None Raised Depressed Uniform Dropshadow Font Family Proportional Sans-Serif Monospace Sans-Serif Proportional Serif Monospace Serif Casual Script Small Caps End of dialog window. Current Time 0:00 / Duration 1:37 Loaded : 4.12% 0:00 Stream Type LIVE Remaining Time - 1:37 1x Chapters descriptions off , selected subtitles settings , opens subtitles settings dialog subtitles off , selected Ladin , selected descriptions off , selected subtitles settings , opens subtitles settings dialog subtitles off , selected , opens subtitles settings dialog Beginning of dialog window. Escape will cancel and close the window. Text Color White Black Red Green Blue Yellow Magenta Cyan Transparency Opaque Semi-Transparent Background Color Black White Red Green Blue Yellow Magenta Cyan Transparency Opaque Semi-Transparent Transparent Window Color Black White Red Green Blue Yellow Magenta Cyan Transparency Transparent Semi-Transparent Opaque Font Size 50% 75% 100% 125% 150% 175% 200% 300% 400% Text Edge Style None Raised Depressed Uniform Dropshadow Font Family Proportional Sans-Serif Monospace Sans-Serif Proportional Serif Monospace Serif Casual Script Small Caps End of dialog window. Beginning of dialog window. Escape will cancel and close the window. Text Color White Black Red Green Blue Yellow Magenta Cyan Transparency Opaque Semi-Transparent Background Color Black White Red Green Blue Yellow Magenta Cyan Transparency Opaque Semi-Transparent Transparent Window Color Black White Red Green Blue Yellow Magenta Cyan Transparency Transparent Semi-Transparent Opaque Font Size 50% 75% 100% 125% 150% 175% 200% 300% 400% Text Edge Style None Raised Depressed Uniform Dropshadow Font Family Proportional Sans-Serif Monospace Sans-Serif Proportional Serif Monospace Serif Casual Script Small Caps Text Color White Black Red Green Blue Yellow Magenta Cyan Transparency Opaque Semi-Transparent Background Color Black White Red Green Blue Yellow Magenta Cyan Transparency Opaque Semi-Transparent Transparent Window Color Black White Red Green Blue Yellow Magenta Cyan Transparency Transparent Semi-Transparent Opaque Transparency Opaque Semi-Transparent Transparency Opaque Semi-Transparent Transparent Transparency Transparent Semi-Transparent Opaque Font Size 50% 75% 100% 125% 150% 175% 200% 300% 400% Text Edge Style None Raised Depressed Uniform Dropshadow Font Family Proportional Sans-Serif Monospace Sans-Serif Proportional Serif Monospace Serif Casual Script Small Caps AI 추천 오늘의 멤버십 조선경제 2조원 볼레오 광산, 1달러 매각... 산업부, 뒤늦은 책임 전가 서명리의 주역인문학 ‘왕이 될 사주’라더니… 그의 몰락과 역술인들의 비겁한 ‘말 바꿈’ AI 추천 오늘의 멤버십 조선경제 2조원 볼레오 광산, 1달러 매각... 산업부, 뒤늦은 책임 전가 서명리의 주역인문학 ‘왕이 될 사주’라더니… 그의 몰락과 역술인들의 비겁한 ‘말 바꿈’ AI 추천 오늘의 멤버십 조선경제 2조원 볼레오 광산, 1달러 매각... 산업부, 뒤늦은 책임 전가 서명리의 주역인문학 ‘왕이 될 사주’라더니… 그의 몰락과 역술인들의 비겁한 ‘말 바꿈’ AI 추천 오늘의 멤버십 조선경제 2조원 볼레오 광산, 1달러 매각... 산업부, 뒤늦은 책임 전가 서명리의 주역인문학 ‘왕이 될 사주’라더니… 그의 몰락과 역술인들의 비겁한 ‘말 바꿈’ 조선경제 2조원 볼레오 광산, 1달러 매각... 산업부, 뒤늦은 책임 전가 2조원 볼레오 광산, 1달러 매각... 산업부, 뒤늦은 책임 전가 서명리의 주역인문학 ‘왕이 될 사주’라더니… 그의 몰락과 역술인들의 비겁한 ‘말 바꿈’ ‘왕이 될 사주’라더니… 그의 몰락과 역술인들의 비겁한 ‘말 바꿈’ 조선경제 2조원 볼레오 광산, 1달러 매각... 산업부, 뒤늦은 책임 전가 서명리의 주역인문학 ‘왕이 될 사주’라더니… 그의 몰락과 역술인들의 비겁한 ‘말 바꿈’ By Taboola By Taboola 당신이 좋아할 만한 콘텐츠 AD 이번주 로또 구매할 의향 있다면 '이렇게' 해볼 것 로또분석연구소 돌아가기 AD [최대170만원] 인터넷가입 현금 가장 많이 주는 곳 인터넷가입 돌아가기 AD 고혈당 심각했던 환자.. '이것' 으로 혈당관리 성공 혜원이아빠 돌아가기 정선희 ""故안재환 실종신고 안 한 이유, 나한테 복수하나 생각""[핫피플] 돌아가기 서장훈, 결국 눈물...유기견 휠체어 신세에 ""왜 이 고생을"" 울컥 ('백만장자') 돌아가기 화사, 금쪽이 과거 폭로..""母가 울며 못 키우겠다고""('살롱드립')[순간포착] 돌아가기 By Taboola By Taboola 당신이 좋아할 만한 콘텐츠 AD 이번주 로또 구매할 의향 있다면 '이렇게' 해볼 것 로또분석연구소 돌아가기 AD [최대170만원] 인터넷가입 현금 가장 많이 주는 곳 인터넷가입 돌아가기 AD 고혈당 심각했던 환자.. '이것' 으로 혈당관리 성공 혜원이아빠 돌아가기 정선희 ""故안재환 실종신고 안 한 이유, 나한테 복수하나 생각""[핫피플] 돌아가기 서장훈, 결국 눈물...유기견 휠체어 신세에 ""왜 이 고생을"" 울컥 ('백만장자') 돌아가기 화사, 금쪽이 과거 폭로..""母가 울며 못 키우겠다고""('살롱드립')[순간포착] 돌아가기 AD 이번주 로또 구매할 의향 있다면 '이렇게' 해볼 것 로또분석연구소 돌아가기 이번주 로또 구매할 의향 있다면 '이렇게' 해볼 것 로또분석연구소 이번주 로또 구매할 의향 있다면 '이렇게' 해볼 것 AD [최대170만원] 인터넷가입 현금 가장 많이 주는 곳 인터넷가입 돌아가기 [최대170만원] 인터넷가입 현금 가장 많이 주는 곳 인터넷가입 [최대170만원] 인터넷가입 현금 가장 많이 주는 곳 AD 고혈당 심각했던 환자.. '이것' 으로 혈당관리 성공 혜원이아빠 돌아가기 고혈당 심각했던 환자.. '이것' 으로 혈당관리 성공 혜원이아빠 고혈당 심각했던 환자.. '이것' 으로 혈당관리 성공 정선희 ""故안재환 실종신고 안 한 이유, 나한테 복수하나 생각""[핫피플] 돌아가기 정선희 ""故안재환 실종신고 안 한 이유, 나한테 복수하나 생각""[핫피플] 서장훈, 결국 눈물...유기견 휠체어 신세에 ""왜 이 고생을"" 울컥 ('백만장자') 돌아가기 서장훈, 결국 눈물...유기견 휠체어 신세에 ""왜 이 고생을"" 울컥 ('백만장자') 화사, 금쪽이 과거 폭로..""母가 울며 못 키우겠다고""('살롱드립')[순간포착] 돌아가기 화사, 금쪽이 과거 폭로..""母가 울며 못 키우겠다고""('살롱드립')[순간포착] 조선경제 많이 본 뉴스 골드만삭스 ""코스피 목표치 8000 상향… 실적 늘고 저평가"" 글로벌 투자은행(IB) 골드만삭스가 코스피의 향후 12개월 목표치를 기존 7000포인트에서 8000포인트로 상향 조정했다. 20일 금융... 동학 개미 스승 박세익 ""코스피 주도주, 반도체에서 '이것'으로 바뀐다"" “파괴된 건물은 다시 지어야 합니다. 이미 들어간 비용은 매몰 비용이고, 재건을 위해 경제가 돌아가는 거죠. 이란이 중동의 정유·화학 ... 동학 개미 스승 박세익 ""코스피 주도주, 반도체에서 '이것'으로 바뀐다"" “파괴된 건물은 다시 지어야 합니다. 이미 들어간 비용은 매몰 비용이고, 재건을 위해 경제가 돌아가는 거죠. 이란이 중동의 정유·화학 ... 골드만삭스 ""코스피 목표치 8000 상향… 실적 늘고 저평가"" 글로벌 투자은행(IB) 골드만삭스가 코스피의 향후 12개월 목표치를 기존 7000포인트에서 8000포인트로 상향 조정했다. 20일 금융... 동학 개미 스승 박세익 ""코스피 주도주, 반도체에서 '이것'으로 바뀐다"" “파괴된 건물은 다시 지어야 합니다. 이미 들어간 비용은 매몰 비용이고, 재건을 위해 경제가 돌아가는 거죠. 이란이 중동의 정유·화학 ... 동학 개미 스승 박세익 ""코스피 주도주, 반도체에서 '이것'으로 바뀐다"" “파괴된 건물은 다시 지어야 합니다. 이미 들어간 비용은 매몰 비용이고, 재건을 위해 경제가 돌아가는 거죠. 이란이 중동의 정유·화학 ... 골드만삭스 ""코스피 목표치 8000 상향… 실적 늘고 저평가"" 글로벌 투자은행(IB) 골드만삭스가 코스피의 향후 12개월 목표치를 기존 7000포인트에서 8000포인트로 상향 조정했다. 20일 금융... 동학 개미 스승 박세익 ""코스피 주도주, 반도체에서 '이것'으로 바뀐다"" “파괴된 건물은 다시 지어야 합니다. 이미 들어간 비용은 매몰 비용이고, 재건을 위해 경제가 돌아가는 거죠. 이란이 중동의 정유·화학 ... 골드만삭스 ""코스피 목표치 8000 상향… 실적 늘고 저평가"" 글로벌 투자은행(IB) 골드만삭스가 코스피의 향후 12개월 목표치를 기존 7000포인트에서 8000포인트로 상향 조정했다. 20일 금융... 골드만삭스 ""코스피 목표치 8000 상향… 실적 늘고 저평가"" 글로벌 투자은행(IB) 골드만삭스가 코스피의 향후 12개월 목표치를 기존 7000포인트에서 8000포인트로 상향 조정했다. 20일 금융... 동학 개미 스승 박세익 ""코스피 주도주, 반도체에서 '이것'으로 바뀐다"" “파괴된 건물은 다시 지어야 합니다. 이미 들어간 비용은 매몰 비용이고, 재건을 위해 경제가 돌아가는 거죠. 이란이 중동의 정유·화학 ... 동학 개미 스승 박세익 ""코스피 주도주, 반도체에서 '이것'으로 바뀐다"" “파괴된 건물은 다시 지어야 합니다. 이미 들어간 비용은 매몰 비용이고, 재건을 위해 경제가 돌아가는 거죠. 이란이 중동의 정유·화학 ... By Taboola By Taboola 지금 뜨는 콘텐츠 AD 뱃살 싹 빼주는 이 '3가지' 조합? (+방송 미공개 내용) 클레오핏 돌아가기 AD 반복되는 ""허리통증, 다리저림"" 이제 수술없이 말끔이 간단치료! 제일정형외과병원 돌아가기 AD 로또 기록을 보면 보이는 숫자 패턴 정리, 공통점 있었다?! 로또분석연구소 돌아가기 ""다 팔면 집 살 수 있어"" 김신영, 700켤레↑ 신발방 보유 '깜짝' ('나혼산') 돌아가기 ""그렇게 떠날 땐 언제고” 이종범 복귀 발언, 받아줘선 안 되는 이유 돌아가기 ""후회스럽다"" 이효리, 세상떠난 父와 마지막 투샷...투병 모습 먹먹 [핫피플] 돌아가기 By Taboola By Taboola 지금 뜨는 콘텐츠 AD 뱃살 싹 빼주는 이 '3가지' 조합? (+방송 미공개 내용) 클레오핏 돌아가기 AD 반복되는 ""허리통증, 다리저림"" 이제 수술없이 말끔이 간단치료! 제일정형외과병원 돌아가기 AD 로또 기록을 보면 보이는 숫자 패턴 정리, 공통점 있었다?! 로또분석연구소 돌아가기 ""다 팔면 집 살 수 있어"" 김신영, 700켤레↑ 신발방 보유 '깜짝' ('나혼산') 돌아가기 ""그렇게 떠날 땐 언제고” 이종범 복귀 발언, 받아줘선 안 되는 이유 돌아가기 ""후회스럽다"" 이효리, 세상떠난 父와 마지막 투샷...투병 모습 먹먹 [핫피플] 돌아가기 AD 뱃살 싹 빼주는 이 '3가지' 조합? (+방송 미공개 내용) 클레오핏 돌아가기 뱃살 싹 빼주는 이 '3가지' 조합? (+방송 미공개 내용) 클레오핏 뱃살 싹 빼주는 이 '3가지' 조합? (+방송 미공개 내용) AD 반복되는 ""허리통증, 다리저림"" 이제 수술없이 말끔이 간단치료! 제일정형외과병원 돌아가기 반복되는 ""허리통증, 다리저림"" 이제 수술없이 말끔이 간단치료! 제일정형외과병원 반복되는 ""허리통증, 다리저림"" 이제 수술없이 말끔이 간단치료! AD 로또 기록을 보면 보이는 숫자 패턴 정리, 공통점 있었다?! 로또분석연구소 돌아가기 로또 기록을 보면 보이는 숫자 패턴 정리, 공통점 있었다?! 로또분석연구소 로또 기록을 보면 보이는 숫자 패턴 정리, 공통점 있었다?! ""다 팔면 집 살 수 있어"" 김신영, 700켤레↑ 신발방 보유 '깜짝' ('나혼산') 돌아가기 ""다 팔면 집 살 수 있어"" 김신영, 700켤레↑ 신발방 보유 '깜짝' ('나혼산') ""그렇게 떠날 땐 언제고” 이종범 복귀 발언, 받아줘선 안 되는 이유 돌아가기 ""그렇게 떠날 땐 언제고” 이종범 복귀 발언, 받아줘선 안 되는 이유 ""후회스럽다"" 이효리, 세상떠난 父와 마지막 투샷...투병 모습 먹먹 [핫피플] 돌아가기 ""후회스럽다"" 이효리, 세상떠난 父와 마지막 투샷...투병 모습 먹먹 [핫피플] 오늘의 멤버십 홍정기 리듬으로 통증리셋 고관절 푸니 무릎도 가뿐… 앉아서 하는 하체 회복운동 김기철의 공미남 맑고 파워풀한 고음… 뮌헨 흔든 ‘소문의 테너’ 백석종 강화송의 스테이리스트 객실 문 앞엔 얼룩말, 난간 위엔 원숭이… 빅토리아 폭포를 품은 리조트 오늘의 멤버십 홍정기 리듬으로 통증리셋 고관절 푸니 무릎도 가뿐… 앉아서 하는 하체 회복운동 김기철의 공미남 맑고 파워풀한 고음… 뮌헨 흔든 ‘소문의 테너’ 백석종 강화송의 스테이리스트 객실 문 앞엔 얼룩말, 난간 위엔 원숭이… 빅토리아 폭포를 품은 리조트 배종찬의 정치&데이터 배우는 영화판에, 기술 전문가는 AI판에… 하정우 수석이 있어야 할 곳 오늘의 멤버십 1 / 2 홍정기 리듬으로 통증리셋 고관절 푸니 무릎도 가뿐… 앉아서 하는 하체 회복운동 김기철의 공미남 맑고 파워풀한 고음… 뮌헨 흔든 ‘소문의 테너’ 백석종 강화송의 스테이리스트 객실 문 앞엔 얼룩말, 난간 위엔 원숭이… 빅토리아 폭포를 품은 리조트 배종찬의 정치&데이터 배우는 영화판에, 기술 전문가는 AI판에… 하정우 수석이 있어야 할 곳 홍정기 리듬으로 통증리셋 고관절 푸니 무릎도 가뿐… 앉아서 하는 하체 회복운동 고관절 푸니 무릎도 가뿐… 앉아서 하는 하체 회복운동 김기철의 공미남 맑고 파워풀한 고음… 뮌헨 흔든 ‘소문의 테너’ 백석종 맑고 파워풀한 고음… 뮌헨 흔든 ‘소문의 테너’ 백석종 강화송의 스테이리스트 객실 문 앞엔 얼룩말, 난간 위엔 원숭이… 빅토리아 폭포를 품은 리조트 객실 문 앞엔 얼룩말, 난간 위엔 원숭이… 빅토리아 폭포를 품은 리조트 홍정기 리듬으로 통증리셋 고관절 푸니 무릎도 가뿐… 앉아서 하는 하체 회복운동 김기철의 공미남 맑고 파워풀한 고음… 뮌헨 흔든 ‘소문의 테너’ 백석종 강화송의 스테이리스트 객실 문 앞엔 얼룩말, 난간 위엔 원숭이… 빅토리아 폭포를 품은 리조트 배종찬의 정치&데이터 배우는 영화판에, 기술 전문가는 AI판에… 하정우 수석이 있어야 할 곳 배종찬의 정치&데이터 배우는 영화판에, 기술 전문가는 AI판에… 하정우 수석이 있어야 할 곳 배우는 영화판에, 기술 전문가는 AI판에… 하정우 수석이 있어야 할 곳 오늘의 멤버십 1 / 2 홍정기 리듬으로 통증리셋 고관절 푸니 무릎도 가뿐… 앉아서 하는 하체 회복운동 김기철의 공미남 맑고 파워풀한 고음… 뮌헨 흔든 ‘소문의 테너’ 백석종 강화송의 스테이리스트 객실 문 앞엔 얼룩말, 난간 위엔 원숭이… 빅토리아 폭포를 품은 리조트 배종찬의 정치&데이터 배우는 영화판에, 기술 전문가는 AI판에… 하정우 수석이 있어야 할 곳 홍정기 리듬으로 통증리셋 고관절 푸니 무릎도 가뿐… 앉아서 하는 하체 회복운동 김기철의 공미남 맑고 파워풀한 고음… 뮌헨 흔든 ‘소문의 테너’ 백석종 강화송의 스테이리스트 객실 문 앞엔 얼룩말, 난간 위엔 원숭이… 빅토리아 폭포를 품은 리조트 배종찬의 정치&데이터 배우는 영화판에, 기술 전문가는 AI판에… 하정우 수석이 있어야 할 곳 많이 본 뉴스 1 트럼프 ""美협상단 곧 도착... 오늘 이란과 합의 이뤄질 것"" 2 美 주방위군 출신 아빠가 자녀 7명을 총으로... 3 황교익·서승만 등 '코드 인사'에… 문화예술계 ""우리가 깍두기냐"" 4 지수, 친오빠 물의에 선긋기… ""금전·법률적 관계 없다"" 5 도쿄 엘리베이터가 '덜컹'… 日, 후발지진 주의보 발령 6 '미성년자 성폭행' 왕기춘, 6년 복역 마치고 곧 출소 7 동학 개미 스승 박세익 ""코스피 주도주, 반도체에서 '이것'으로 바뀐다"" 8 [오늘의 운세] 4월 21일 화요일 (음력 3월 5일 乙丑) 9 李 ""구성 핵시설 이미 알려져… 정동영 기밀 누설 주장은 잘못"" 10 트럼프 '다음 타깃' 지목된 쿠바…'소달구지' 대공포 훈련 실시 6 '미성년자 성폭행' 왕기춘, 6년 복역 마치고 곧 출소 7 동학 개미 스승 박세익 ""코스피 주도주, 반도체에서 '이것'으로 바뀐다"" 8 [오늘의 운세] 4월 21일 화요일 (음력 3월 5일 乙丑) 9 李 ""구성 핵시설 이미 알려져… 정동영 기밀 누설 주장은 잘못"" 10 트럼프 '다음 타깃' 지목된 쿠바…'소달구지' 대공포 훈련 실시 1 트럼프 ""美협상단 곧 도착... 오늘 이란과 합의 이뤄질 것"" 2 美 주방위군 출신 아빠가 자녀 7명을 총으로... 3 황교익·서승만 등 '코드 인사'에… 문화예술계 ""우리가 깍두기냐"" 4 지수, 친오빠 물의에 선긋기… ""금전·법률적 관계 없다"" 5 도쿄 엘리베이터가 '덜컹'… 日, 후발지진 주의보 발령 6 '미성년자 성폭행' 왕기춘, 6년 복역 마치고 곧 출소 7 동학 개미 스승 박세익 ""코스피 주도주, 반도체에서 '이것'으로 바뀐다"" 8 [오늘의 운세] 4월 21일 화요일 (음력 3월 5일 乙丑) 9 李 ""구성 핵시설 이미 알려져… 정동영 기밀 누설 주장은 잘못"" 10 트럼프 '다음 타깃' 지목된 쿠바…'소달구지' 대공포 훈련 실시 6 '미성년자 성폭행' 왕기춘, 6년 복역 마치고 곧 출소 7 동학 개미 스승 박세익 ""코스피 주도주, 반도체에서 '이것'으로 바뀐다"" 8 [오늘의 운세] 4월 21일 화요일 (음력 3월 5일 乙丑) 9 李 ""구성 핵시설 이미 알려져… 정동영 기밀 누설 주장은 잘못"" 10 트럼프 '다음 타깃' 지목된 쿠바…'소달구지' 대공포 훈련 실시 1 트럼프 ""美협상단 곧 도착... 오늘 이란과 합의 이뤄질 것"" 2 美 주방위군 출신 아빠가 자녀 7명을 총으로... 3 황교익·서승만 등 '코드 인사'에… 문화예술계 ""우리가 깍두기냐"" 4 지수, 친오빠 물의에 선긋기… ""금전·법률적 관계 없다"" 5 도쿄 엘리베이터가 '덜컹'… 日, 후발지진 주의보 발령 6 '미성년자 성폭행' 왕기춘, 6년 복역 마치고 곧 출소 7 동학 개미 스승 박세익 ""코스피 주도주, 반도체에서 '이것'으로 바뀐다"" 8 [오늘의 운세] 4월 21일 화요일 (음력 3월 5일 乙丑) 9 李 ""구성 핵시설 이미 알려져… 정동영 기밀 누설 주장은 잘못"" 10 트럼프 '다음 타깃' 지목된 쿠바…'소달구지' 대공포 훈련 실시 1 트럼프 ""美협상단 곧 도착... 오늘 이란과 합의 이뤄질 것"" 트럼프 ""美협상단 곧 도착... 오늘 이란과 합의 이뤄질 것"" 2 美 주방위군 출신 아빠가 자녀 7명을 총으로... 美 주방위군 출신 아빠가 자녀 7명을 총으로... 3 황교익·서승만 등 '코드 인사'에… 문화예술계 ""우리가 깍두기냐"" 황교익·서승만 등 '코드 인사'에… 문화예술계 ""우리가 깍두기냐"" 4 지수, 친오빠 물의에 선긋기… ""금전·법률적 관계 없다"" 지수, 친오빠 물의에 선긋기… ""금전·법률적 관계 없다"" 5 도쿄 엘리베이터가 '덜컹'… 日, 후발지진 주의보 발령 도쿄 엘리베이터가 '덜컹'… 日, 후발지진 주의보 발령 6 '미성년자 성폭행' 왕기춘, 6년 복역 마치고 곧 출소 '미성년자 성폭행' 왕기춘, 6년 복역 마치고 곧 출소 7 동학 개미 스승 박세익 ""코스피 주도주, 반도체에서 '이것'으로 바뀐다"" 8 [오늘의 운세] 4월 21일 화요일 (음력 3월 5일 乙丑) [오늘의 운세] 4월 21일 화요일 (음력 3월 5일 乙丑) 9 李 ""구성 핵시설 이미 알려져… 정동영 기밀 누설 주장은 잘못"" 李 ""구성 핵시설 이미 알려져… 정동영 기밀 누설 주장은 잘못"" 10 트럼프 '다음 타깃' 지목된 쿠바…'소달구지' 대공포 훈련 실시 트럼프 '다음 타깃' 지목된 쿠바…'소달구지' 대공포 훈련 실시 6 '미성년자 성폭행' 왕기춘, 6년 복역 마치고 곧 출소 7 동학 개미 스승 박세익 ""코스피 주도주, 반도체에서 '이것'으로 바뀐다"" 8 [오늘의 운세] 4월 21일 화요일 (음력 3월 5일 乙丑) 9 李 ""구성 핵시설 이미 알려져… 정동영 기밀 누설 주장은 잘못"" 10 트럼프 '다음 타깃' 지목된 쿠바…'소달구지' 대공포 훈련 실시 오피니언 사설 칼럼 朝鮮칼럼 The Column 태평로 동서남북 경제포커스 만물상 에스프레소 데스크에서 기자의 시각 특파원 칼럼 기자수첩 팔면봉 ESSAY 전문가 칼럼 정치 정치 일반 청와대 국회·정당 북한 외교·국방 행정 국제 국제 일반 미국 중국 | 일본 아시아 유럽 중동·아프리카·중남미 해외토픽 사회 사회 일반 사건사고 법조 교육 노동 교통·환경 복지·의료 취업 피플 부음·인사 아무튼, 주말 전국 조선경제 WEEKLY BIZ 테크 과학 산업·재계 자동차 부동산 생활경제 중기·벤처 스타트업 취중잡담 경제 일반 머니 증권·금융 국제경제 재테크 스포츠 스포츠 일반 야구 해외야구 축구 해외축구 농구 배구 골프 스포츠포토 건강 조선몰 문화·연예 연예 일반 스타 | 방송 영화 소식 | 음악 연예 포토 문화 일반 책 | 영화 음악 | 공연 미술·전시 종교·학술 방송·미디어 건축·디자인 패션·뷰티 여행 | 음식·맛집 리빙 조선리더스 조선일보 구독신청 초판서비스 신문은 선생님 오늘의 운세 DB조선 지면 PDF보기 인물검색 사진검색 뉴스 라이브러리 뉴스Q 뉴스레터 오피니언 정치 국제 사회 조선경제 스포츠 건강 문화· 연예 조선 리더스 조선몰 조선일보 공식 SNS 페이스북 트위터 유튜브 인스타그램 오피니언 사설 칼럼 朝鮮칼럼 The Column 태평로 동서남북 경제포커스 만물상 에스프레소 데스크에서 기자의 시각 특파원 칼럼 기자수첩 팔면봉 ESSAY 전문가 칼럼 정치 정치 일반 청와대 국회·정당 북한 외교·국방 행정 국제 국제 일반 미국 중국 | 일본 아시아 유럽 중동·아프리카·중남미 해외토픽 사회 사회 일반 사건사고 법조 교육 노동 교통·환경 복지·의료 취업 피플 부음·인사 아무튼, 주말 전국 조선경제 WEEKLY BIZ 테크 과학 산업·재계 자동차 부동산 생활경제 중기·벤처 스타트업 취중잡담 경제 일반 머니 증권·금융 국제경제 재테크 스포츠 스포츠 일반 야구 해외야구 축구 해외축구 농구 배구 골프 스포츠포토 건강 조선몰 문화·연예 연예 일반 스타 | 방송 영화 소식 | 음악 연예 포토 문화 일반 책 | 영화 음악 | 공연 미술·전시 종교·학술 방송·미디어 건축·디자인 패션·뷰티 여행 | 음식·맛집 리빙 조선리더스 조선일보 구독신청 초판서비스 신문은 선생님 오늘의 운세 DB조선 지면 PDF보기 인물검색 사진검색 뉴스 라이브러리 뉴스Q 뉴스레터 오피니언 정치 국제 사회 조선경제 스포츠 건강 문화· 연예 조선 리더스 조선몰 조선일보 공식 SNS 오피니언 정치 국제 사회 조선경제 스포츠 건강 문화· 연예 조선 리더스 조선몰 조선일보 공식 SNS 주소: 서울특별시 중구 세종대로21길 30, 4층(태평로1가) | 대표번호 02)724-5114 인터넷신문등록번호: 서울 아 01718 등록(발행)일자: 2011년 07월 26일 발행인·편집인: 홍준호 개인정보처리방침 청소년보호정책(책임자: 나민수) Copyright 조선일보 All rights reserved. 무단 전재 및 재배포 금지. 회사소개 기자채용 고객센터 독자권익보호위원회 기사제보 뉴지엄 광고안내 콘텐츠구매 제휴문의 사이트맵 조선미디어 관계사 개인정보처리방침 사이트맵 Copyright 조선일보 All rights reserved. 무단 전재 및 재배포 금지. 주소: 서울특별시 중구 세종대로21길 30, 4층(태평로1가) | 대표번호 02)724-5114 인터넷신문등록번호: 서울 아 01718 등록(발행)일자: 2011년 07월 26일 발행인·편집인: 홍준호 개인정보처리방침 청소년보호정책(책임자: 나민수) Copyright 조선일보 All rights reserved. 무단 전재 및 재배포 금지. 회사소개 기자채용 고객센터 독자권익보호위원회 기사제보 뉴지엄 광고안내 콘텐츠구매 제휴문의 사이트맵 조선미디어 관계사 주소: 서울특별시 중구 세종대로21길 30, 4층(태평로1가) | 대표번호 02)724-5114 인터넷신문등록번호: 서울 아 01718 등록(발행)일자: 2011년 07월 26일 발행인·편집인: 홍준호 개인정보처리방침 청소년보호정책(책임자: 나민수) Copyright 조선일보 All rights reserved. 무단 전재 및 재배포 금지. 주소: 서울특별시 중구 세종대로21길 30, 4층(태평로1가) | 대표번호 02)724-5114 인터넷신문등록번호: 서울 아 01718 등록(발행)일자: 2011년 07월 26일 발행인·편집인: 홍준호 주소: 서울특별시 중구 세종대로21길 30, 4층(태평로1가) | 대표번호 02)724-5114 개인정보처리방침 청소년보호정책(책임자: 나민수) Copyright 조선일보 All rights reserved. 무단 전재 및 재배포 금지. Copyright 조선일보 All rights reserved. 무단 전재 및 재배포 금지. 회사소개 기자채용 고객센터 독자권익보호위원회 기사제보 뉴지엄 광고안내 콘텐츠구매 제휴문의 사이트맵 조선미디어 관계사 회사소개 기자채용 고객센터 독자권익보호위원회 기사제보 뉴지엄 광고안내 콘텐츠구매 제휴문의 사이트맵 개인정보처리방침 사이트맵 Copyright 조선일보 All rights reserved. 무단 전재 및 재배포 금지.",True,20255,135,82,change_rate,easy,사회,heuristic
"BMW, 트럼프 자동차 관세 압박에 ‘美 생산 확대’ 검토",2025-04-11,https://www.chosun.com/economy/industry-company/2025/04/11/G4UUB3CXP5DJNPCZNGEP4LJJME,"2026년 4월 21일(화) 신문구독 | English | 日本語 | 中文 2 조선경제 오피니언 정치 사회 국제 건강 스포츠 문화·연예 콘텐츠판 땅집고 BEMIL 군사세계 헬스조선 IT조선 조선에듀 어린이조선일보 산&트래블 이코노미조선 신문은 선생님 THE BOUTIQUE 행복플러스 주간조선 여성조선 월간조선 민학수 올댓골프 Topclass Life&Learning English 日本語 中文 검색 2026년 4월 21일(화) 신문구독 | English | 日本語 | 中文 2 신문구독 | English | 日本語 | 中文 조선경제 오피니언 정치 사회 국제 건강 스포츠 문화·연예 콘텐츠판 땅집고 BEMIL 군사세계 헬스조선 IT조선 조선에듀 어린이조선일보 산&트래블 이코노미조선 신문은 선생님 THE BOUTIQUE 행복플러스 주간조선 여성조선 월간조선 민학수 올댓골프 Topclass Life&Learning 콘텐츠판 땅집고 BEMIL 군사세계 헬스조선 IT조선 조선에듀 어린이조선일보 산&트래블 이코노미조선 신문은 선생님 THE BOUTIQUE 행복플러스 주간조선 여성조선 월간조선 민학수 올댓골프 Topclass Life&Learning 땅집고 BEMIL 군사세계 헬스조선 IT조선 조선에듀 어린이조선일보 산&트래블 이코노미조선 신문은 선생님 THE BOUTIQUE 행복플러스 주간조선 여성조선 월간조선 민학수 올댓골프 Topclass Life&Learning 조선경제 산업·재계 BMW, 트럼프 자동차 관세 압박에 '美 생산 확대' 검토 최은경 기자 입력 2025.04.11. 10:39 업데이트 2025.04.11. 15:33 2 독일 자동차 회사 BMW가 도널드 트럼프 미 행정부의 관세 부담을 줄이기 위해 현지 생산을 늘리는 방안을 검토하고 나섰다. 10일 로이터통신에 따르면 BMW는 애널리스트를 대상으로 한 콘퍼런스콜을 통해 “미국 사우스캐롤라이나주 스파턴버그 공장의 교대근무를 확대해, 생산량을 최대 8만대 늘리는 방안을 검토 중”이라고 밝혔다. 연간 40만대를 생산하는 미 스파턴버그 공장은 BMW의 생산기지 중 최대 규모를 자랑한다. 스포츠유틸리티차(SUV) X시리즈 모델이 이곳에서 만들어진다. BMW 측은 “미국에 약 한 달 분량의 재고를 보유하고 있다”며 “다음 달 말까지 미국에서 대다수 모델의 가격을 안정적으로 유지할 것”이라고 밝혔다. 또 자동차 업계가 트럼프 행정부와 협상해 무역전쟁을 피할 방법도 모색하고 있다고 했다. 트럼프 미 행정부는 지난 3일부터 미국으로 수입되는 외국산 자동차에 25%의 관세를 적용하고 있다. 이에 따라 유럽산 자동차에는 기존 관세 2.5%에 추가 관세 25%가 더해져, 총 27.5%가 부과된다. 관세 부담 때문에 독일 자동차 회사 아우디는 지난 3일 미국에 도착한 차량을 출고하는 대신 항구에 쌓아둔 채 관세 협상 추이를 지켜보고 있다. 또 다른 독일 자동차 회사 폭스바겐은 미국에 수출된 차량에 일정 수준의 ‘수입 수수료’를 붙여 가격을 올리겠다는 방침이다. #트럼프 #세금 트럼프 더보기 獨아우디도 美수출 중단… 관세 폭탄에 재고로 버티기 독일 아우디가 대미(對美) 자동차 수출을 일시 중단하기로 했다. 지난 3일부터 미국이 모든 수입차에 25% 관세를 매기기 시작하자, 재고 물량으... 관세발 車공급망 재편… 도요타·닛산, 美 생산 확대 추진 미국 행정부의 관세 폭탄에 대해 일부 글로벌 자동차 업체들이 “이러다간 자동차 산업을 망가뜨릴 수 있다”며 공개 반발에 나선 가운데, 한편에선 ... 美 스텔란티스 차 공장 멈췄다, 직원 900명 해고 미국 자동차 ‘빅3’ 기업 중 하나인 스텔란티스가 캐나다와 멕시코의 완성차 공장에서 생산을 일시 중단하기로 했다. 그 여파로 이 공장들에 자동차... 최은경 기자 산업부 조선일보 편집국 산업부에서 근무합니다. 산업통상부와 기후에너지환경부를 담당하며, 산업·통상·에너지",True,1897,11,4,ratio,medium,산업,heuristic
청년 고용률 1년째 내리막...20대 후반 실업률 45개월만 최대치,2025-05-14,https://www.chosun.com/economy/economy_general/2025/05/14/O2W4JERT4FGXRKVNYQRYWEVEQY,"청년 고용률 1년째 내리막...20대 후반 실업률 45개월만 최대치 제조업 취업자 12만명 줄며 6년 2개월만 최대 감소폭 보여 강우량 기자 입력 2025.05.14. 08:22 업데이트 2025.05.14. 11:02 10 청년층(15~29세) 고용률이 1년째 감소세를 이어가고 있는 것으로 파악됐다. 내수 경기가 좀처럼 살아나지 못하며 청년층 고용이 활발한 제조업과 건설업, 도·소매업 등에서 채용이 위축된 영향이다. 갓 대학을 졸업하고 사회에 진출하는 20대 후반 실업률은 7%대로 올라서며, 청년 취업난이 갈수록 심각해지고 있다는 분석이 나온다. 14일 통계청이 발표한 ‘2025년 4월 고용동향’에 따르면, 지난달 15세 이상 취업자는 2888만7000명으로 전년 동월 대비 19만4000명 늘었다. 지난 1월(13만5000명)부터 4개월 연속으로 취업자 증가폭이 10만명대를 기록한 것이다. 국제 비교 기준인 15~64세 고용률은 69.9%로 4월 기준 역대 최대치를 보였다. 그러나 연령대별로 살펴보면 고령층 취업이 크게 늘었을 뿐, 청년들은 직장을 잡는 데 어려움을 겪는 상황이다. 지난달 65세 이상 고용률은 40.4%로 전년 동월 대비 1.2%포인트 올랐다. 반면 15~29세 청년층 고용률은 45.3%로 전년 동월 대비 0.9%포인트 감소했다. 청년층 고용률은 작년 5월(-0.7%포인트)부터 1년째 감소세를 이어가고 있다. 특히 사회 초년생인 20대 후반의 경우 실업률이 7.1%를 기록하며 전년 동월 대비 1.3%포인트나 증가했다. 코로나 시기였던 지난 2021년 7월(7.2%) 이후 45개월만의 최대치로, 20대 후반 실업률이 7%대에 올라선 것 자체가 2022년 4월(7%) 이후 3년 만이다. 이에 따라 전체 청년층 실업률도 7.3%로 전년 동월 대비 0.5%포인트 올랐다. 제조업과 건설업, 도·소매업 등 경기가 나란히 부진한 게 청년 취업난으로 이어졌다. 지난달 제조업 취업자는 439만7000명으로 전년 동월 대비 12만4000명 줄었다. 이는 지난 2019년 2월(-15만1000명) 이후 6년 2개월 만에 최대 감소폭이다. 건설업 취업자도 15만명 줄었는데, 작년 12월(-15만7000명)부터 5개월째 10만명대 감소폭을 보이고 있다. 도·소매업도 취업자가 3000명 줄었다. 청년 고용률 실업률 제조업",True,1144,41,17,ratio,easy,고용,heuristic
“시간 쫓겨 카드 먼저 보여선 안돼”… 일각선 신중론,2025-04-15,https://www.chosun.com/economy/industry-company/2025/04/15/TCPAF2XYTJDITOXF3TJFEPIWNU,"2026년 4월 21일(화) 신문구독 | English | 日本語 | 中文 2 조선경제 오피니언 정치 사회 국제 건강 스포츠 문화·연예 콘텐츠판 땅집고 BEMIL 군사세계 헬스조선 IT조선 조선에듀 어린이조선일보 산&트래블 이코노미조선 신문은 선생님 THE BOUTIQUE 행복플러스 주간조선 여성조선 월간조선 민학수 올댓골프 Topclass Life&Learning English 日本語 中文 검색 2026년 4월 21일(화) 신문구독 | English | 日本語 | 中文 2 신문구독 | English | 日本語 | 中文 조선경제 오피니언 정치 사회 국제 건강 스포츠 문화·연예 콘텐츠판 땅집고 BEMIL 군사세계 헬스조선 IT조선 조선에듀 어린이조선일보 산&트래블 이코노미조선 신문은 선생님 THE BOUTIQUE 행복플러스 주간조선 여성조선 월간조선 민학수 올댓골프 Topclass Life&Learning 콘텐츠판 땅집고 BEMIL 군사세계 헬스조선 IT조선 조선에듀 어린이조선일보 산&트래블 이코노미조선 신문은 선생님 THE BOUTIQUE 행복플러스 주간조선 여성조선 월간조선 민학수 올댓골프 Topclass Life&Learning 땅집고 BEMIL 군사세계 헬스조선 IT조선 조선에듀 어린이조선일보 산&트래블 이코노미조선 신문은 선생님 THE BOUTIQUE 행복플러스 주간조선 여성조선 월간조선 민학수 올댓골프 Topclass Life&Learning 조선경제 산업·재계 ""시간 쫓겨 카드 먼저 보여선 안돼""… 일각선 신중론 전문가 ""방위비 협상과는 분리를… 일본·대만 등과 공조 고려할 만"" 조재희 기자 최은경 기자 입력 2025.04.15. 00:55 업데이트 2025.04.15. 10:32 2 한덕수 대통령 권한대행이 14일 조만간 미국 측과 알래스카 LNG(액화천연가스) 프로젝트를 놓고 화상회의를 갖기로 하면서 양국 관세 협상이 본격적인 닻을 올리게 됐다. 통상 전문가들은 “트럼프 정부가 상호 관세 시행을 90일 유예한 상황에서 세계 각국과 개별 협상에 나서는 만큼 우리도 적극적인 협상이 필요하지만 적자 해소, 조선업 협력 등 주요 협상 의제를 포괄하는 패키지 딜로 차분하게 접근해야 한다”고 조언하고 있다. 특히 미국이 ‘원스톱 쇼핑’의 주요 의제로 내세우는 ‘방위비 분담금’은 LNG, 관세 등 다른 의제와는 성격이 다른 외교·안보 문제인 만큼 별도로 다뤄야 한다는 목소리도 크다. 박태호 법무법인 광장 국제통상연구원장은 “미국과 관세 협상에서 우리가 줄 수 있는 것과 받을 것을 함께 놓고 협상에 나서야 한다”고 말했다. 전문가들은 시간에 쫓겨 우리가 먼저 카드를 보이거나, 미국의 제안을 성급하게 받아들여서도 안 된다고 지적한다. 정부 내에서도 “협상을 빠르게 끝냈다가 다른 국가들이 더 낮은 세율로 합의하면 수출이 피해를 입을 수 있다”는 말이 나온다. 당장 첫 번째 의제로 다룰 알래스카 LNG는 사업 규모가 440억달러(약 64조원)에 이르고, 1300㎞ 규모 가스관 등 난관이 많다. 앞서 대만은 지난달 알래스카 측에 LNG 600만t을 해마다 사겠다고 밝혔지만, 법적인 구속력은 없는 의향서(LOI)였다. 김수동 산업연구원 글로벌경쟁전략연구단장은 “일본, 대만 등 다른 국가와 공조·협력도 생각해봐야 한다”고 말했다. 또 협상 과정에서 우리나라가 2023년 한 해에만 배터리·반도체·자동차 등을 중심으로 미국에 215억달러를 투자해 82만개의 직간접 일자리를 만들어낼 정도로 기여하고, 중국이 빠진 글로벌 공급망에서 미국에 핵심 역할을 할 동맹이라는 점을 강조해야 한다고 지적하고 있다. 방위비 분담금 등 안보 문제와 분리안도 제언하고 있다. “미국이 안보까지 엮어 협상하려는 논리에 끌려가면 불리해질 수 있다”(주원 현대경제연구원 실장) “무역 적자 해소와 방위비 분담금은 별건임을 처음부터 강조할 필요가 있다”(장상식 무협 국제무역통상연구원장) 등의 목소리가 있다. #트럼프 #세금 조재희 기자 구독수 216 최은경 기자 산업부 조선일보 편집국 산업부에서 근무합니다. 산업통상부와 기후에너지환경부를 담당하며, 산업·통상·에너지",True,2003,8,6,absolute,medium,산업,heuristic
주담대 연체율도 두 달 연속 최고치,2025-05-14,https://www.chosun.com/economy/economy_general/2025/05/14/7NSJI2LCGFEVLORPOGD5NAGVJU,"주담대 연체율도 두 달 연속 최고치 가계 부채는 2000조원 육박 최아리 기자 입력 2025.05.14. 00:57 업데이트 2025.05.14. 14:06 0 한국의 가계 부채는 매년 빠르게 증가해 작년 말 1900조원을 넘었다. 가계 부채가 국내총생산(GDP)에서 차지하는 비율이 90%를 넘어 세계 주요국 중 2위다. 원리금 부담 때문에 가계가 소비할 돈은 점점 줄어들고 있다. 13일 한국은행에 따르면 작년 말 가계 부채는 가계 대출과 아직 갚지 않은 카드 대금 등을 합쳐 1927조3000억원으로 집계됐다. 2002년 4분기 관련 통계 공표 후 최대치로, 작년 2분기(4~6월)부터 3개 분기 연속 증가세다. 가계 빚이 늘어나면 가계가 쓸 수 있는 돈이 줄어들어 소비가 위축된다. 최근 내수 부진이 장기화하고 있는 이유 중 하나도 소득은 별로 늘지 않는데 가계 부채가 늘고 있기 때문이다. 실제 통계청에 따르면 중산층으로 분류되는 소득 상위 40~60% 가구의 여윳돈은 작년 4분기(10~12월)에 65만8000원으로 3개 분기 연속 줄며 2019년 4분기(65만3000원) 이후 최저치를 기록했다. 이자 비용이 전년 대비 1.2% 늘어난 10만8000원으로 4개 분기 만에 증가해 10만원을 넘겼고, 부동산 구입에 따른 취득·등록세가 늘면서 비경상조세(5만5000원)가 5배 가까이 증가한 점도 원인이 됐다. 국제금융협회(IIF)의 세계 부채 보고서에 따르면 작년 말 기준 한국의 GDP 대비 가계 부채 비율은 91.7%로 38국 중 캐나다(100.6%)에 이어 2위를 기록했다. 한국은 코로나 팬데믹 이후 저금리 기조와 함께 2020년부터 가계 부채가 빠르게 늘었다. 작년 정부의 가계 부채 관리 강화로 GDP 대비 가계 부채 비율은 전년(93.6%)에 비해서는 떨어졌으나 여전히 세계 평균(60.3%)을 크게 웃돈다. 한은은 이 비율이 80%를 넘는 경우, 소비 위축 등으로 성장률이 하락하고 경기 침체 발생 확률이 더 높아지는 것으로 보고 있다. 최근에는 비교적 안정적인 것으로 꼽히는 주택담보대출 연체율도 늘며 ‘영끌’ 수요자들이 한계에 이르렀다는 분석도 나온다. 한은에 따르면 지난 2월 말 기준 국내 은행의 서울 지역 주담대 연체율은 0.35%로, 관련 통계가 작성된 2019년 12월 이후 가장 높았다. 1월(0.34%)에 이어 두 달 연속 최고치를 경신한 것이다. #금리 #신용·체크카드 #부동산 대책 최아리 기자 테크부에서 스타트업과 통신, 게임 산업을 취재하고 있습니다. 구독수 212 100자평 도움말 삭제기준 AI 추천 오늘의 멤버십 호르몬 리셋 주사로 젊음을 산 70대의 착각… ‘현대판 불로초’는 이미 몸 안에 있다 다카나리타의 니혼/니혼진 회식의 종말로 휘청한 ‘일본 술’… ‘우마미’로 부활한다 AI 추천 오늘의 멤버십 호르몬 리셋 주사로 젊음을 산 70대의 착각… ‘현대판 불로초’는 이미 몸 안에 있다 다카나리타의 니혼/니혼진 회식의 종말로 휘청한 ‘일본 술’… ‘우마미’로 부활한다 AI 추천 오늘의 멤버십 호르몬 리셋 주사로 젊음을 산 70대의 착각… ‘현대판 불로초’는 이미 몸 안에 있다 다카나리타의 니혼/니혼진 회식의 종말로 휘청한 ‘일본 술’… ‘우마미’로 부활한다 By Taboola By Taboola 당신이 좋아할 만한 콘텐츠 AD '고혈당' 낮추는데 직빵인 차 한잔 혜원이아빠 돌아가기 AD 고혈당 심각했던 환자.. '이것' 으로 혈당관리 성공 혜원이아빠 돌아가기 AD 남재현, 출렁이는 뱃살·옆구리살 지겹다면.. 지방 굳기 전 ""이것"" 하세요 남재현 체지방 다이어트 돌아가기 ""그렇게 떠날 땐 언제고” 이종범 복귀 발언, 받아줘선 안 되는 이유 돌아가기 ""제발 부탁드립니다""…꼬리 내린 최병길 PD, '전처' 서유리에 납작 엎드렸다 [Oh!쎈 이슈] 돌아가기 소녀시대 수영, 모자 쓴 채 지하철 포착..소탈한 여행 근황 돌아가기 조선경제 많이 본 뉴스 동학 개미 스승 박세익 ""코스피 주도주, 반도체에서 '이것'으로 바뀐다"" “파괴된 건물은 다시 지어야 합니다. 이미 들어간 비용은 매몰 비용이고, 재건을 위해 경제가 돌아가는 거죠. 이란이 중동의 정유·화학 ... 골드만삭스 ""코스피 목표치 8000 상향… 실적 늘고 저평가"" 글로벌 투자은행(IB) 골드만삭스가 코스피의 향후 12개월 목표치를 기존 7000포인트에서 8000포인트로 상향 조정했다. 20일 금융... 골드만삭스 ""코스피 목표치 8000 상향… 실적 늘고 저평가"" 글로벌 투자은행(IB) 골드만삭스가 코스피의 향후 12개월 목표치를 기존 7000포인트에서 8000포인트로 상향 조정했다. 20일 금융... By Taboola By Taboola 지금 뜨는 콘텐츠 AD 분석번호제공[곧 마감] 로또분석연구소 돌아가기 AD 새로 나온 ""실손보험"" 맞춤설계! 수술·입원·치료비 보장 내용 확인하기 굿리치 [등록번호:제2006038313호] 돌아가기 AD 인터넷 변경시 무조건 현금 지급 [최대170만원] 인터넷가입 돌아가기 “사랑하는 남편 곁으로”… ‘님아, 그 강을 건너지 마오’ 강계열 할머니 별세 돌아가기 심권호의 ‘홍삼녀’, 어머니도 만났다 “천천히 알아가고 싶어”(조선의 사랑꾼)[핫피플] 돌아가기 마마무 솔라, 몸매가 이 정도였어? 비키니 입고 볼륨 엉덩이 노출 돌아가기 오늘의 멤버십 홍정기 리듬으로 통증리셋 고관절 푸니 무릎도 가뿐… 앉아서 하는 하체 회복운동 김기철의 공미남 맑고 파워풀한 고음… 뮌헨 흔든 ‘소문의 테너’ 백석종 강화송의 스테이리스트 객실 문 앞엔 얼룩말, 난간 위엔 원숭이… 빅토리아 폭포를 품은 리조트 오늘의 멤버십 홍정기 리듬으로 통증리셋 고관절 푸니 무릎도 가뿐… 앉아서 하는 하체 회복운동 김기철의 공미남 맑고 파워풀한 고음… 뮌헨 흔든 ‘소문의 테너’ 백석종 강화송의 스테이리스트 객실 문 앞엔 얼룩말, 난간 위엔 원숭이… 빅토리아 폭포를 품은 리조트 배종찬의 정치&데이터 배우는 영화판에, 기술 전문가는 AI판에… 하정우 수석이 있어야 할 곳 오늘의 멤버십 1 / 2 홍정기 리듬으로 통증리셋 고관절 푸니 무릎도 가뿐… 앉아서 하는 하체 회복운동 김기철의 공미남 맑고 파워풀한 고음… 뮌헨 흔든 ‘소문의 테너’ 백석종 강화송의 스테이리스트 객실 문 앞엔 얼룩말, 난간 위엔 원숭이… 빅토리아 폭포를 품은 리조트 배종찬의 정치&데이터 배우는 영화판에, 기술 전문가는 AI판에… 하정우 수석이 있어야 할 곳 많이 본 뉴스 1 美 주방위군 출신 아빠가 자녀 7명을 총으로... 2 트럼프 ""美협상단 곧 도착... 오늘 이란과 합의 이뤄질 것"" 3 황교익·서승만 등 '코드 인사'에… 문화예술계 ""우리가 깍두기냐"" 4 [오늘의 운세] 4월 21일 화요일 (음력 3월 5일 乙丑) 5 지수, 친오빠 물의에 선긋기… ""금전·법률적 관계 없다"" 6 李 ""구성 핵시설 이미 알려져… 정동영 기밀 누설 주장은 잘못"" 7 '미성년자 성폭행' 왕기춘, 6년 복역 마치고 곧 출소 8 동학 개미 스승 박세익 ""코스피 주도주, 반도체에서 '이것'으로 바뀐다"" 9 도쿄 엘리베이터가 '덜컹'… 日, 후발지진 주의보 발령 10 美, 호르무즈 기뢰 제거 총력... 해상 드론 이어 돌고래 투입? 6 李 ""구성 핵시설 이미 알려져… 정동영 기밀 누설 주장은 잘못"" 7 '미성년자 성폭행' 왕기춘, 6년 복역 마치고 곧 출소 8 동학 개미 스승 박세익 ""코스피 주도주, 반도체에서 '이것'으로 바뀐다"" 9 도쿄 엘리베이터가 '덜컹'… 日, 후발지진 주의보 발령 10 美, 호르무즈 기뢰 제거 총력... 해상 드론 이어 돌고래 투입? 조선경제 경제 일반 주담대 연체율도 두 달 연속 최고치 가계 부채는 2000조원 육박 주담대 연체율도 두 달 연속 최고치 가계 부채는 2000조원 육박 최아리 기자 입력 2025.05.14. 00:57 업데이트 2025.05.14. 14:06 입력 2025.05.14. 00:57 업데이트 2025.05.14. 14:06 한국의 가계 부채는 매년 빠르게 증가해 작년 말 1900조원을 넘었다. 가계 부채가 국내총생산(GDP)에서 차지하는 비율이 90%를 넘어 세계 주요국 중 2위다. 원리금 부담 때문에 가계가 소비할 돈은 점점 줄어들고 있다. 13일 한국은행에 따르면 작년 말 가계 부채는 가계 대출과 아직 갚지 않은 카드 대금 등을 합쳐 1927조3000억원으로 집계됐다. 2002년 4분기 관련 통계 공표 후 최대치로, 작년 2분기(4~6월)부터 3개 분기 연속 증가세다. 가계 빚이 늘어나면 가계가 쓸 수 있는 돈이 줄어들어 소비가 위축된다. 최근 내수 부진이 장기화하고 있는 이유 중 하나도 소득은 별로 늘지 않는데 가계 부채가 늘고 있기 때문이다. 실제 통계청에 따르면 중산층으로 분류되는 소득 상위 40~60% 가구의 여윳돈은 작년 4분기(10~12월)에 65만8000원으로 3개 분기 연속 줄며 2019년 4분기(65만3000원) 이후 최저치를 기록했다. 이자 비용이 전년 대비 1.2% 늘어난 10만8000원으로 4개 분기 만에 증가해 10만원을 넘겼고, 부동산 구입에 따른 취득·등록세가 늘면서 비경상조세(5만5000원)가 5배 가까이 증가한 점도 원인이 됐다. 국제금융협회(IIF)의 세계 부채 보고서에 따르면 작년 말 기준 한국의 GDP 대비 가계 부채 비율은 91.7%로 38국 중 캐나다(100.6%)에 이어 2위를 기록했다. 한국은 코로나 팬데믹 이후 저금리 기조와 함께 2020년부터 가계 부채가 빠르게 늘었다. 작년 정부의 가계 부채 관리 강화로 GDP 대비 가계 부채 비율은 전년(93.6%)에 비해서는 떨어졌으나 여전히 세계 평균(60.3%)을 크게 웃돈다. 한은은 이 비율이 80%를 넘는 경우, 소비 위축 등으로 성장률이 하락하고 경기 침체 발생 확률이 더 높아지는 것으로 보고 있다. 최근에는 비교적 안정적인 것으로 꼽히는 주택담보대출 연체율도 늘며 ‘영끌’ 수요자들이 한계에 이르렀다는 분석도 나온다. 한은에 따르면 지난 2월 말 기준 국내 은행의 서울 지역 주담대 연체율은 0.35%로, 관련 통계가 작성된 2019년 12월 이후 가장 높았다. 1월(0.34%)에 이어 두 달 연속 최고치를 경신한 것이다. 최아리 기자 테크부에서 스타트업과 통신, 게임 산업을 취재하고 있습니다. 구독수 212 최아리 기자 테크부에서 스타트업과 통신, 게임 산업을 취재하고 있습니다. 테크부에서 스타트업과 통신, 게임 산업을 취재하고 있습니다. AI 추천 오늘의 멤버십 호르몬 리셋 주사로 젊음을 산 70대의 착각… ‘현대판 불로초’는 이미 몸 안에 있다 다카나리타의 니혼/니혼진 회식의 종말로 휘청한 ‘일본 술’… ‘우마미’로 부활한다 AI 추천 오늘의 멤버십 호르몬 리셋 주사로 젊음을 산 70대의 착각… ‘현대판 불로초’는 이미 몸 안에 있다 다카나리타의 니혼/니혼진 회식의 종말로 휘청한 ‘일본 술’… ‘우마미’로 부활한다 AI 추천 오늘의 멤버십 호르몬 리셋 주사로 젊음을 산 70대의 착각… ‘현대판 불로초’는 이미 몸 안에 있다 다카나리타의 니혼/니혼진 회식의 종말로 휘청한 ‘일본 술’… ‘우마미’로 부활한다 AI 추천 오늘의 멤버십 호르몬 리셋 주사로 젊음을 산 70대의 착각… ‘현대판 불로초’는 이미 몸 안에 있다 다카나리타의 니혼/니혼진 회식의 종말로 휘청한 ‘일본 술’… ‘우마미’로 부활한다 호르몬 리셋 주사로 젊음을 산 70대의 착각… ‘현대판 불로초’는 이미 몸 안에 있다 주사로 젊음을 산 70대의 착각… ‘현대판 불로초’는 이미 몸 안에 있다 다카나리타의 니혼/니혼진 회식의 종말로 휘청한 ‘일본 술’… ‘우마미’로 부활한다 회식의 종말로 휘청한 ‘일본 술’… ‘우마미’로 부활한다 호르몬 리셋 주사로 젊음을 산 70대의 착각… ‘현대판 불로초’는 이미 몸 안에 있다 다카나리타의 니혼/니혼진 회식의 종말로 휘청한 ‘일본 술’… ‘우마미’로 부활한다 By Taboola By Taboola 당신이 좋아할 만한 콘텐츠 AD '고혈당' 낮추는데 직빵인 차 한잔 혜원이아빠 돌아가기 AD 고혈당 심각했던 환자.. '이것' 으로 혈당관리 성공 혜원이아빠 돌아가기 AD 남재현, 출렁이는 뱃살·옆구리살 지겹다면.. 지방 굳기 전 ""이것"" 하세요 남재현 체지방 다이어트 돌아가기 ""그렇게 떠날 땐 언제고” 이종범 복귀 발언, 받아줘선 안 되는 이유 돌아가기 ""제발 부탁드립니다""…꼬리 내린 최병길 PD, '전처' 서유리에 납작 엎드렸다 [Oh!쎈 이슈] 돌아가기 소녀시대 수영, 모자 쓴 채 지하철 포착..소탈한 여행 근황 돌아가기 By Taboola By Taboola 당신이 좋아할 만한 콘텐츠 AD '고혈당' 낮추는데 직빵인 차 한잔 혜원이아빠 돌아가기 AD 고혈당 심각했던 환자.. '이것' 으로 혈당관리 성공 혜원이아빠 돌아가기 AD 남재현, 출렁이는 뱃살·옆구리살 지겹다면.. 지방 굳기 전 ""이것"" 하세요 남재현 체지방 다이어트 돌아가기 ""그렇게 떠날 땐 언제고” 이종범 복귀 발언, 받아줘선 안 되는 이유 돌아가기 ""제발 부탁드립니다""…꼬리 내린 최병길 PD, '전처' 서유리에 납작 엎드렸다 [Oh!쎈 이슈] 돌아가기 소녀시대 수영, 모자 쓴 채 지하철 포착..소탈한 여행 근황 돌아가기 AD '고혈당' 낮추는데 직빵인 차 한잔 혜원이아빠 돌아가기 '고혈당' 낮추는데 직빵인 차 한잔 혜원이아빠 AD 고혈당 심각했던 환자.. '이것' 으로 혈당관리 성공 혜원이아빠 돌아가기 고혈당 심각했던 환자.. '이것' 으로 혈당관리 성공 혜원이아빠 고혈당 심각했던 환자.. '이것' 으로 혈당관리 성공 AD 남재현, 출렁이는 뱃살·옆구리살 지겹다면.. 지방 굳기 전 ""이것"" 하세요 남재현 체지방 다이어트 돌아가기 남재현, 출렁이는 뱃살·옆구리살 지겹다면.. 지방 굳기 전 ""이것"" 하세요 남재현 체지방 다이어트 남재현, 출렁이는 뱃살·옆구리살 지겹다면.. 지방 굳기 전 ""이것"" 하세요 ""그렇게 떠날 땐 언제고” 이종범 복귀 발언, 받아줘선 안 되는 이유 돌아가기 ""그렇게 떠날 땐 언제고” 이종범 복귀 발언, 받아줘선 안 되는 이유 ""제발 부탁드립니다""…꼬리 내린 최병길 PD, '전처' 서유리에 납작 엎드렸다 [Oh!쎈 이슈] 돌아가기 ""제발 부탁드립니다""…꼬리 내린 최병길 PD, '전처' 서유리에 납작 엎드렸다 [Oh!쎈 이슈] 소녀시대 수영, 모자 쓴 채 지하철 포착..소탈한 여행 근황 돌아가기 소녀시대 수영, 모자 쓴 채 지하철 포착..소탈한 여행 근황 조선경제 많이 본 뉴스 동학 개미 스승 박세익 ""코스피 주도주, 반도체에서 '이것'으로 바뀐다"" “파괴된 건물은 다시 지어야 합니다. 이미 들어간 비용은 매몰 비용이고, 재건을 위해 경제가 돌아가는 거죠. 이란이 중동의 정유·화학 ... 골드만삭스 ""코스피 목표치 8000 상향… 실적 늘고 저평가"" 글로벌 투자은행(IB) 골드만삭스가 코스피의 향후 12개월 목표치를 기존 7000포인트에서 8000포인트로 상향 조정했다. 20일 금융... 골드만삭스 ""코스피 목표치 8000 상향… 실적 늘고 저평가"" 글로벌 투자은행(IB) 골드만삭스가 코스피의 향후 12개월 목표치를 기존 7000포인트에서 8000포인트로 상향 조정했다. 20일 금융... 동학 개미 스승 박세익 ""코스피 주도주, 반도체에서 '이것'으로 바뀐다"" “파괴된 건물은 다시 지어야 합니다. 이미 들어간 비용은 매몰 비용이고, 재건을 위해 경제가 돌아가는 거죠. 이란이 중동의 정유·화학 ... 골드만삭스 ""코스피 목표치 8000 상향… 실적 늘고 저평가"" 글로벌 투자은행(IB) 골드만삭스가 코스피의 향후 12개월 목표치를 기존 7000포인트에서 8000포인트로 상향 조정했다. 20일 금융... 골드만삭스 ""코스피 목표치 8000 상향… 실적 늘고 저평가"" 글로벌 투자은행(IB) 골드만삭스가 코스피의 향후 12개월 목표치를 기존 7000포인트에서 8000포인트로 상향 조정했다. 20일 금융... 동학 개미 스승 박세익 ""코스피 주도주, 반도체에서 '이것'으로 바뀐다"" “파괴된 건물은 다시 지어야 합니다. 이미 들어간 비용은 매몰 비용이고, 재건을 위해 경제가 돌아가는 거죠. 이란이 중동의 정유·화학 ... 골드만삭스 ""코스피 목표치 8000 상향… 실적 늘고 저평가"" 글로벌 투자은행(IB) 골드만삭스가 코스피의 향후 12개월 목표치를 기존 7000포인트에서 8000포인트로 상향 조정했다. 20일 금융... 동학 개미 스승 박세익 ""코스피 주도주, 반도체에서 '이것'으로 바뀐다"" “파괴된 건물은 다시 지어야 합니다. 이미 들어간 비용은 매몰 비용이고, 재건을 위해 경제가 돌아가는 거죠. 이란이 중동의 정유·화학 ... 동학 개미 스승 박세익 ""코스피 주도주, 반도체에서 '이것'으로 바뀐다"" “파괴된 건물은 다시 지어야 합니다. 이미 들어간 비용은 매몰 비용이고, 재건을 위해 경제가 돌아가는 거죠. 이란이 중동의 정유·화학 ... 골드만삭스 ""코스피 목표치 8000 상향… 실적 늘고 저평가"" 글로벌 투자은행(IB) 골드만삭스가 코스피의 향후 12개월 목표치를 기존 7000포인트에서 8000포인트로 상향 조정했다. 20일 금융... 골드만삭스 ""코스피 목표치 8000 상향… 실적 늘고 저평가"" 글로벌 투자은행(IB) 골드만삭스가 코스피의 향후 12개월 목표치를 기존 7000포인트에서 8000포인트로 상향 조정했다. 20일 금융... By Taboola By Taboola 지금 뜨는 콘텐츠 AD 분석번호제공[곧 마감] 로또분석연구소 돌아가기 AD 새로 나온 ""실손보험"" 맞춤설계! 수술·입원·치료비 보장 내용 확인하기 굿리치 [등록번호:제2006038313호] 돌아가기 AD 인터넷 변경시 무조건 현금 지급 [최대170만원] 인터넷가입 돌아가기 “사랑하는 남편 곁으로”… ‘님아, 그 강을 건너지 마오’ 강계열 할머니 별세 돌아가기 심권호의 ‘홍삼녀’, 어머니도 만났다 “천천히 알아가고 싶어”(조선의 사랑꾼)[핫피플] 돌아가기 마마무 솔라, 몸매가 이 정도였어? 비키니 입고 볼륨 엉덩이 노출 돌아가기 By Taboola By Taboola 지금 뜨는 콘텐츠 AD 분석번호제공[곧 마감] 로또분석연구소 돌아가기 AD 새로 나온 ""실손보험"" 맞춤설계! 수술·입원·치료비 보장 내용 확인하기 굿리치 [등록번호:제2006038313호] 돌아가기 AD 인터넷 변경시 무조건 현금 지급 [최대170만원] 인터넷가입 돌아가기 “사랑하는 남편 곁으로”… ‘님아, 그 강을 건너지 마오’ 강계열 할머니 별세 돌아가기 심권호의 ‘홍삼녀’, 어머니도 만났다 “천천히 알아가고 싶어”(조선의 사랑꾼)[핫피플] 돌아가기 마마무 솔라, 몸매가 이 정도였어? 비키니 입고 볼륨 엉덩이 노출 돌아가기 AD 분석번호제공[곧 마감] 로또분석연구소 돌아가기 AD 새로 나온 ""실손보험"" 맞춤설계! 수술·입원·치료비 보장 내용 확인하기 굿리치 [등록번호:제2006038313호] 돌아가기 새로 나온 ""실손보험"" 맞춤설계! 수술·입원·치료비 보장 내용 확인하기 굿리치 [등록번호:제2006038313호] 새로 나온 ""실손보험"" 맞춤설계! 수술·입원·치료비 보장 내용 확인하기 AD 인터넷 변경시 무조건 현금 지급 [최대170만원] 인터넷가입 돌아가기 인터넷 변경시 무조건 현금 지급 [최대170만원] 인터넷가입 인터넷 변경시 무조건 현금 지급 [최대170만원] “사랑하는 남편 곁으로”… ‘님아, 그 강을 건너지 마오’ 강계열 할머니 별세 돌아가기 “사랑하는 남편 곁으로”… ‘님아, 그 강을 건너지 마오’ 강계열 할머니 별세 심권호의 ‘홍삼녀’, 어머니도 만났다 “천천히 알아가고 싶어”(조선의 사랑꾼)[핫피플] 돌아가기 심권호의 ‘홍삼녀’, 어머니도 만났다 “천천히 알아가고 싶어”(조선의 사랑꾼)[핫피플] 마마무 솔라, 몸매가 이 정도였어? 비키니 입고 볼륨 엉덩이 노출 돌아가기 마마무 솔라, 몸매가 이 정도였어? 비키니 입고 볼륨 엉덩이 노출 오늘의 멤버십 홍정기 리듬으로 통증리셋 고관절 푸니 무릎도 가뿐… 앉아서 하는 하체 회복운동 김기철의 공미남 맑고 파워풀한 고음… 뮌헨 흔든 ‘소문의 테너’ 백석종 강화송의 스테이리스트 객실 문 앞엔 얼룩말, 난간 위엔 원숭이… 빅토리아 폭포를 품은 리조트 오늘의 멤버십 홍정기 리듬으로 통증리셋 고관절 푸니 무릎도 가뿐… 앉아서 하는 하체 회복운동 김기철의 공미남 맑고 파워풀한 고음… 뮌헨 흔든 ‘소문의 테너’ 백석종 강화송의 스테이리스트 객실 문 앞엔 얼룩말, 난간 위엔 원숭이… 빅토리아 폭포를 품은 리조트 배종찬의 정치&데이터 배우는 영화판에, 기술 전문가는 AI판에… 하정우 수석이 있어야 할 곳 오늘의 멤버십 1 / 2 홍정기 리듬으로 통증리셋 고관절 푸니 무릎도 가뿐… 앉아서 하는 하체 회복운동 김기철의 공미남 맑고 파워풀한 고음… 뮌헨 흔든 ‘소문의 테너’ 백석종 강화송의 스테이리스트 객실 문 앞엔 얼룩말, 난간 위엔 원숭이… 빅토리아 폭포를 품은 리조트 배종찬의 정치&데이터 배우는 영화판에, 기술 전문가는 AI판에… 하정우 수석이 있어야 할 곳 홍정기 리듬으로 통증리셋 고관절 푸니 무릎도 가뿐… 앉아서 하는 하체 회복운동 고관절 푸니 무릎도 가뿐… 앉아서 하는 하체 회복운동 김기철의 공미남 맑고 파워풀한 고음… 뮌헨 흔든 ‘소문의 테너’ 백석종 맑고 파워풀한 고음… 뮌헨 흔든 ‘소문의 테너’ 백석종 강화송의 스테이리스트 객실 문 앞엔 얼룩말, 난간 위엔 원숭이… 빅토리아 폭포를 품은 리조트 객실 문 앞엔 얼룩말, 난간 위엔 원숭이… 빅토리아 폭포를 품은 리조트 홍정기 리듬으로 통증리셋 고관절 푸니 무릎도 가뿐… 앉아서 하는 하체 회복운동 김기철의 공미남 맑고 파워풀한 고음… 뮌헨 흔든 ‘소문의 테너’ 백석종 강화송의 스테이리스트 객실 문 앞엔 얼룩말, 난간 위엔 원숭이… 빅토리아 폭포를 품은 리조트 배종찬의 정치&데이터 배우는 영화판에, 기술 전문가는 AI판에… 하정우 수석이 있어야 할 곳 배종찬의 정치&데이터 배우는 영화판에, 기술 전문가는 AI판에… 하정우 수석이 있어야 할 곳 배우는 영화판에, 기술 전문가는 AI판에… 하정우 수석이 있어야 할 곳 오늘의 멤버십 1 / 2 홍정기 리듬으로 통증리셋 고관절 푸니 무릎도 가뿐… 앉아서 하는 하체 회복운동 김기철의 공미남 맑고 파워풀한 고음… 뮌헨 흔든 ‘소문의 테너’ 백석종 강화송의 스테이리스트 객실 문 앞엔 얼룩말, 난간 위엔 원숭이… 빅토리아 폭포를 품은 리조트 배종찬의 정치&데이터 배우는 영화판에, 기술 전문가는 AI판에… 하정우 수석이 있어야 할 곳 홍정기 리듬으로 통증리셋 고관절 푸니 무릎도 가뿐… 앉아서 하는 하체 회복운동 김기철의 공미남 맑고 파워풀한 고음… 뮌헨 흔든 ‘소문의 테너’ 백석종 강화송의 스테이리스트 객실 문 앞엔 얼룩말, 난간 위엔 원숭이… 빅토리아 폭포를 품은 리조트 배종찬의 정치&데이터 배우는 영화판에, 기술 전문가는 AI판에… 하정우 수석이 있어야 할 곳 많이 본 뉴스 1 美 주방위군 출신 아빠가 자녀 7명을 총으로... 2 트럼프 ""美협상단 곧 도착... 오늘 이란과 합의 이뤄질 것"" 3 황교익·서승만 등 '코드 인사'에… 문화예술계 ""우리가 깍두기냐"" 4 [오늘의 운세] 4월 21일 화요일 (음력 3월 5일 乙丑) 5 지수, 친오빠 물의에 선긋기… ""금전·법률적 관계 없다"" 6 李 ""구성 핵시설 이미 알려져… 정동영 기밀 누설 주장은 잘못"" 7 '미성년자 성폭행' 왕기춘, 6년 복역 마치고 곧 출소 8 동학 개미 스승 박세익 ""코스피 주도주, 반도체에서 '이것'으로 바뀐다"" 9 도쿄 엘리베이터가 '덜컹'… 日, 후발지진 주의보 발령 10 美, 호르무즈 기뢰 제거 총력... 해상 드론 이어 돌고래 투입? 6 李 ""구성 핵시설 이미 알려져… 정동영 기밀 누설 주장은 잘못"" 7 '미성년자 성폭행' 왕기춘, 6년 복역 마치고 곧 출소 8 동학 개미 스승 박세익 ""코스피 주도주, 반도체에서 '이것'으로 바뀐다"" 9 도쿄 엘리베이터가 '덜컹'… 日, 후발지진 주의보 발령 10 美, 호르무즈 기뢰 제거 총력... 해상 드론 이어 돌고래 투입? 1 美 주방위군 출신 아빠가 자녀 7명을 총으로... 2 트럼프 ""美협상단 곧 도착... 오늘 이란과 합의 이뤄질 것"" 3 황교익·서승만 등 '코드 인사'에… 문화예술계 ""우리가 깍두기냐"" 4 [오늘의 운세] 4월 21일 화요일 (음력 3월 5일 乙丑) 5 지수, 친오빠 물의에 선긋기… ""금전·법률적 관계 없다"" 6 李 ""구성 핵시설 이미 알려져… 정동영 기밀 누설 주장은 잘못"" 7 '미성년자 성폭행' 왕기춘, 6년 복역 마치고 곧 출소 8 동학 개미 스승 박세익 ""코스피 주도주, 반도체에서 '이것'으로 바뀐다"" 9 도쿄 엘리베이터가 '덜컹'… 日, 후발지진 주의보 발령 10 美, 호르무즈 기뢰 제거 총력... 해상 드론 이어 돌고래 투입? 6 李 ""구성 핵시설 이미 알려져… 정동영 기밀 누설 주장은 잘못"" 7 '미성년자 성폭행' 왕기춘, 6년 복역 마치고 곧 출소 8 동학 개미 스승 박세익 ""코스피 주도주, 반도체에서 '이것'으로 바뀐다"" 9 도쿄 엘리베이터가 '덜컹'… 日, 후발지진 주의보 발령 10 美, 호르무즈 기뢰 제거 총력... 해상 드론 이어 돌고래 투입? 1 美 주방위군 출신 아빠가 자녀 7명을 총으로... 2 트럼프 ""美협상단 곧 도착... 오늘 이란과 합의 이뤄질 것"" 3 황교익·서승만 등 '코드 인사'에… 문화예술계 ""우리가 깍두기냐"" 4 [오늘의 운세] 4월 21일 화요일 (음력 3월 5일 乙丑) 5 지수, 친오빠 물의에 선긋기… ""금전·법률적 관계 없다"" 6 李 ""구성 핵시설 이미 알려져… 정동영 기밀 누설 주장은 잘못"" 7 '미성년자 성폭행' 왕기춘, 6년 복역 마치고 곧 출소 8 동학 개미 스승 박세익 ""코스피 주도주, 반도체에서 '이것'으로 바뀐다"" 9 도쿄 엘리베이터가 '덜컹'… 日, 후발지진 주의보 발령 10 美, 호르무즈 기뢰 제거 총력... 해상 드론 이어 돌고래 투입? 1 美 주방위군 출신 아빠가 자녀 7명을 총으로... 美 주방위군 출신 아빠가 자녀 7명을 총으로... 2 트럼프 ""美협상단 곧 도착... 오늘 이란과 합의 이뤄질 것"" 트럼프 ""美협상단 곧 도착... 오늘 이란과 합의 이뤄질 것"" 3 황교익·서승만 등 '코드 인사'에… 문화예술계 ""우리가 깍두기냐"" 황교익·서승만 등 '코드 인사'에… 문화예술계 ""우리가 깍두기냐"" 4 [오늘의 운세] 4월 21일 화요일 (음력 3월 5일 乙丑) [오늘의 운세] 4월 21일 화요일 (음력 3월 5일 乙丑) 5 지수, 친오빠 물의에 선긋기… ""금전·법률적 관계 없다"" 지수, 친오빠 물의에 선긋기… ""금전·법률적 관계 없다"" 6 李 ""구성 핵시설 이미 알려져… 정동영 기밀 누설 주장은 잘못"" 李 ""구성 핵시설 이미 알려져… 정동영 기밀 누설 주장은 잘못"" 7 '미성년자 성폭행' 왕기춘, 6년 복역 마치고 곧 출소 '미성년자 성폭행' 왕기춘, 6년 복역 마치고 곧 출소 8 동학 개미 스승 박세익 ""코스피 주도주, 반도체에서 '이것'으로 바뀐다"" 9 도쿄 엘리베이터가 '덜컹'… 日, 후발지진 주의보 발령 도쿄 엘리베이터가 '덜컹'… 日, 후발지진 주의보 발령 10 美, 호르무즈 기뢰 제거 총력... 해상 드론 이어 돌고래 투입? 美, 호르무즈 기뢰 제거 총력... 해상 드론 이어 돌고래 투입? 6 李 ""구성 핵시설 이미 알려져… 정동영 기밀 누설 주장은 잘못"" 7 '미성년자 성폭행' 왕기춘, 6년 복역 마치고 곧 출소 8 동학 개미 스승 박세익 ""코스피 주도주, 반도체에서 '이것'으로 바뀐다"" 9 도쿄 엘리베이터가 '덜컹'… 日, 후발지진 주의보 발령 10 美, 호르무즈 기뢰 제거 총력... 해상 드론 이어 돌고래 투입? 오피니언 사설 칼럼 朝鮮칼럼 The Column 태평로 동서남북 경제포커스 만물상 에스프레소 데스크에서 기자의 시각 특파원 칼럼 기자수첩 팔면봉 ESSAY 전문가 칼럼 정치 정치 일반 청와대 국회·정당 북한 외교·국방 행정 국제 국제 일반 미국 중국 | 일본 아시아 유럽 중동·아프리카·중남미 해외토픽 사회 사회 일반 사건사고 법조 교육 노동 교통·환경 복지·의료 취업 피플 부음·인사 아무튼, 주말 전국 조선경제 WEEKLY BIZ 테크 과학 산업·재계 자동차 부동산 생활경제 중기·벤처 스타트업 취중잡담 경제 일반 머니 증권·금융 국제경제 재테크 스포츠 스포츠 일반 야구 해외야구 축구 해외축구 농구 배구 골프 스포츠포토 건강 조선몰 문화·연예 연예 일반 스타 | 방송 영화 소식 | 음악 연예 포토 문화 일반 책 | 영화 음악 | 공연 미술·전시 종교·학술 방송·미디어 건축·디자인 패션·뷰티 여행 | 음식·맛집 리빙 조선리더스 조선일보 구독신청 초판서비스 신문은 선생님 오늘의 운세 DB조선 지면 PDF보기 인물검색 사진검색 뉴스 라이브러리 뉴스Q 뉴스레터 오피니언 정치 국제 사회 조선경제 스포츠 건강 문화· 연예 조선 리더스 조선몰 조선일보 공식 SNS 페이스북 트위터 유튜브 인스타그램 오피니언 사설 칼럼 朝鮮칼럼 The Column 태평로 동서남북 경제포커스 만물상 에스프레소 데스크에서 기자의 시각 특파원 칼럼 기자수첩 팔면봉 ESSAY 전문가 칼럼 정치 정치 일반 청와대 국회·정당 북한 외교·국방 행정 국제 국제 일반 미국 중국 | 일본 아시아 유럽 중동·아프리카·중남미 해외토픽 사회 사회 일반 사건사고 법조 교육 노동 교통·환경 복지·의료 취업 피플 부음·인사 아무튼, 주말 전국 조선경제 WEEKLY BIZ 테크 과학 산업·재계 자동차 부동산 생활경제 중기·벤처 스타트업 취중잡담 경제 일반 머니 증권·금융 국제경제 재테크 스포츠 스포츠 일반 야구 해외야구 축구 해외축구 농구 배구 골프 스포츠포토 건강 조선몰 문화·연예 연예 일반 스타 | 방송 영화 소식 | 음악 연예 포토 문화 일반 책 | 영화 음악 | 공연 미술·전시 종교·학술 방송·미디어 건축·디자인 패션·뷰티 여행 | 음식·맛집 리빙 조선리더스 조선일보 구독신청 초판서비스 신문은 선생님 오늘의 운세 DB조선 지면 PDF보기 인물검색 사진검색 뉴스 라이브러리 뉴스Q 뉴스레터 오피니언 정치 국제 사회 조선경제 스포츠 건강 문화· 연예 조선 리더스 조선몰 조선일보 공식 SNS 오피니언 정치 국제 사회 조선경제 스포츠 건강 문화· 연예 조선 리더스 조선몰 조선일보 공식 SNS 주소: 서울특별시 중구 세종대로21길 30, 4층(태평로1가) | 대표번호 02)724-5114 인터넷신문등록번호: 서울 아 01718 등록(발행)일자: 2011년 07월 26일 발행인·편집인: 홍준호 개인정보처리방침 청소년보호정책(책임자: 나민수) Copyright 조선일보 All rights reserved. 무단 전재 및 재배포 금지. 회사소개 기자채용 고객센터 독자권익보호위원회 기사제보 뉴지엄 광고안내 콘텐츠구매 제휴문의 사이트맵 조선미디어 관계사 개인정보처리방침 사이트맵 Copyright 조선일보 All rights reserved. 무단 전재 및 재배포 금지. 주소: 서울특별시 중구 세종대로21길 30, 4층(태평로1가) | 대표번호 02)724-5114 인터넷신문등록번호: 서울 아 01718 등록(발행)일자: 2011년 07월 26일 발행인·편집인: 홍준호 개인정보처리방침 청소년보호정책(책임자: 나민수) Copyright 조선일보 All rights reserved. 무단 전재 및 재배포 금지. 회사소개 기자채용 고객센터 독자권익보호위원회 기사제보 뉴지엄 광고안내 콘텐츠구매 제휴문의 사이트맵 조선미디어 관계사 주소: 서울특별시 중구 세종대로21길 30, 4층(태평로1가) | 대표번호 02)724-5114 인터넷신문등록번호: 서울 아 01718 등록(발행)일자: 2011년 07월 26일 발행인·편집인: 홍준호 개인정보처리방침 청소년보호정책(책임자: 나민수) Copyright 조선일보 All rights reserved. 무단 전재 및 재배포 금지. 주소: 서울특별시 중구 세종대로21길 30, 4층(태평로1가) | 대표번호 02)724-5114 인터넷신문등록번호: 서울 아 01718 등록(발행)일자: 2011년 07월 26일 발행인·편집인: 홍준호 주소: 서울특별시 중구 세종대로21길 30, 4층(태평로1가) | 대표번호 02)724-5114 개인정보처리방침 청소년보호정책(책임자: 나민수) Copyright 조선일보 All rights reserved. 무단 전재 및 재배포 금지. Copyright 조선일보 All rights reserved. 무단 전재 및 재배포 금지. 회사소개 기자채용 고객센터 독자권익보호위원회 기사제보 뉴지엄 광고안내 콘텐츠구매 제휴문의 사이트맵 조선미디어 관계사 회사소개 기자채용 고객센터 독자권익보호위원회 기사제보 뉴지엄 광고안내 콘텐츠구매 제휴문의 사이트맵 개인정보처리방침 사이트맵 Copyright 조선일보 All rights reserved. 무단 전재 및 재배포 금지.",True,15924,87,58,comparison,easy,사회,heuristic
편의점들이 초저가 경쟁 벌이는 이유는?,2025-06-07,https://www.chosun.com/economy/market_trend/2025/06/07/77V6YZ6X3NHKPDXS6UHNXJ6DXA,"편의점들이 초저가 경쟁 벌이는 이유는? 석남준 기자 입력 2025.06.07. 06:00 업데이트 2025.06.07. 07:29 5 편의점 업계가 초저가 경쟁을 벌이고 있다. 다소 비싸더라도 고개만 돌리면 찾을 수 있다는 편리함에 소비자 발길이 이어졌던 편의점이 대형 마트, 이커머스가 앞세운 ‘가격 경쟁’에 본격적으로 뛰어든 것이다. 편의점 업계가 새로운 전략을 펴는 이유는 뭘까. ◇성장세 꺾인 편의점 국내 편의점 역사는 1989년으로 거슬러 올라간다. 서울 올림픽 이듬해인 1989년 5월 서울 송파구에 세븐일레븐 올림픽선수촌점이 문을 열었다. 한국 편의점 역사의 시작이다. 이후 편의점 업계는 우상향했다. 매장이 계속해서 늘어났고, 그만큼 매출도 따라 올라갔다. 가격보다는 이름처럼 편의성에 초점을 맞춘 전략만으로도 성장세가 지속됐다. 문제는 계속될 줄 알았던 성장세가 꺾였다는 것이다. 작년 한국 편의점 수는 28개가 줄었다. 편의점 역사상 첫 점포 수 감소다. 여기서 그치지 않는다. 산업통상자원부에 따르면 지난 4월 주요 유통업체 매출은 7%대 성장을 기록했지만, 편의점 매출은 0.6% 줄었다. 국내 편의점 시장이 포화 상태라는 지적이 지배적이다. 지난해 기준 국내 4대 편의점(GS25, CU, 세븐일레븐, 이마트24)의 점포 수는 5만4852개에 달한다. 일본(5만7019개)과 비슷한 수준으로 인구당 편의점 수를 따져보면 한국이 일본의 2배에 달한다. ◇독특함에 더해 저렴해야 찾는다 편의점 기업들은 일찌감치 생존 전략으로 독특한 상품을 내놓았다. 대형 마트, 이커머스는 물론 다른 브랜드의 편의점에서도 살 수 없는 제품을 개발해 소비자들의 관심을 끄는 전략이다. 독특함에 더해 편의점 업계가 꺼낸 카드는 ‘저렴함’이다. 익일 배송뿐 아니라 1시간 안팎에 배달해주는 ‘퀵커머스’가 확대되면서 접근성만으로는 소비자들의 발길을 이어지게 할 수 없다고 보고, 원초적인 가격 경쟁력을 보이겠다는 것이다. 실제 편의점 기업들은 초저가 상품을 끊임없이 내놓고 있다. GS25는 즉석밥(혜자백미밥)을 1000원에 출시했다고 3일 밝혔다. GS25는 “동일 용량의 메가 브랜드 즉석밥과 비교해 50% 이상 저렴한 게 가장 큰 특징”이라고 설명. GS25는 먼저 판매가를 1000원으로 설정하고 역개발을 추진했다고 한다. GS25에 따르면 1000원 이하 상품의 작년 매출은 2023년 대비 46.5% 늘어났다. GS25는 리얼소고기라면(550원), 리얼500바(500원), 1974우유200ML(980원) 등 초저가 PB 상품을 잇따라 출시하고 있다. GS25와 편의점 업계를 이끌고 있는 CU도 마찬가지다. CU는 지난달 28일 PB 브랜드 PBICK(피빅)을 선보였다. CU는 기존 PB 브랜드를 운영하고 있었는데, 장기 불황 속에서 저렴한 PB 상품에 대한 선호도가 높아지자 더욱 적극적으로 육성하겠다며 새 브랜드를 내놓은 것이다. CU는 올해 들어 ‘초특가 990원 시리즈’ 제품을 대폭 늘리고 있다. 지난 1월 990원짜리 삼각김밥을 내놓았고, 핫바도 990원에 팔고 있다. 이마트24 역시 1900원짜리 김밥, 900원짜리 삼각김밥을 내놓았고, 세븐일레븐은 1990원짜리 채소 등을 출시했다. 세븐일레븐은 800원짜리 아메리카노도 내놓았다. 유통업계에서는 소비 위축의 장기화로 초저가 경쟁이 앞으로 격화할 것으로 보고 있다. 편의점 업계 관계자는 “업태 간의 경계가 사라져 편의점, 대형 마트, 이커머스 등이 모두 저마다 PB 상품을 앞세워 초저가 상품으로 소비자들을 유혹하고 있다”며 “누가 더 품질과 가격 측면에서 경쟁력 있는 상품을 내놓느냐가 생존 여부를 결정할 것”이라고 말했다.",True,1794,25,11,change_rate,medium,산업,heuristic
"다 비싸졌다… 월세 상승률 10년래 최고, 물가도 껑충",2025-11-04,https://www.chosun.com/economy/economy_general/2025/11/04/LTSPY3AKDFGO3PYENJYCXAAWAU/,"조선경제 경제 일반 다 비싸졌다… 월세 상승률 10년래 최고, 물가도 껑충 청년들, 왜 N잡러 될 수밖에 없나 김승현 기자 입력 2025.11.04. 00:55 0 월세, 외식 물가 등이 크게 올라 생활비 부담이 커지는 것은 비정규직 근로자 등 서민의 생활고를 가중시키는 요인으로 꼽힌다. 3일 국토교통부의 주택 통계에 따르면, 9월 전국 전월세 거래 23만745건 중 월세 비율은 65%(15만670건)를 차지했다. 정부가 6월 부동산 대출 규제를 발표한 이후 갭투자(전세를 낀 주택 매입) 수요가 줄어 신규 전세 공급이 줄면서 전세의 월세화가 가속화됐기 때문이다. 월세 가격은 오름세다. KB국민은행 통계에 따르면, 올 들어 9월까지 서울의 아파트 월세 상승률은 7.25%, 수도권은 6.27%로 집계됐다. 이는 10년 만의 최고치였다. 매달 집주인에게 일정 금액을 지불해야 하는 월세는 전체 지출 중 주거비 비율이 낮은 고소득층보다 서민들에게 타격이 더 크다. 국가데이터처의 2023년 가계 동향 조사에 따르면, 소득 하위 20%(1분위) 가구는 전체 지출의 19.7%를 주거비로 쓰는 반면, 상위 20%(5분위)는 주거비 비율이 8.5%에 불과했다. 월세 거주자는 목돈을 돌려받게 되는 전세나 부동산 가격 상승의 기회가 있는 자가 보유자보다 자산을 형성하기 어려운 상황에서 월세 상승으로 더 불리한 상황에 처한 것이다. 주거비 외에 생활비에서 큰 비중을 차지하는 외식과 먹거리 물가도 상승 중이다. 국가데이터처에 따르면 9월 소비자물가는 지난해 같은 달 대비 2.1% 상승했다. 특히 축산물(5.4%), 수산물(6.4%), 가공식품(4.2%), 외식(3.4%) 등 먹거리 가격이 소비자물가보다 상승률이 더 높았다. 이에 저소득층의 주머니 사정은 갈수록 팍팍해지고 있다. 국가데이터처에 따르면, 지난 2분기(4~6월) 소득 하위 20%(1분위)와 소득 하위 20~40%(2분위)의 흑자액은 지난해 2분기보다 각각 6.5%, 5.4% 감소했다. 전체 가구의 평균 흑자액이 1.2% 늘어난 것과 대비된다. 흑자액은 가구의 처분 가능 소득에서 소비 지출을 뺀 것이다. 1·2분위 흑자액 증감률이 전체 평균보다 모두 안 좋았던 적은 2021년 이후 4년 만에 처음이다. 김승현 기자 2016년 조선일보에 입사해 사회부 사건팀, 여론독자부, 미래기획부, 정치부 정당팀, 경제부 증권팀 등을 거쳤습니다. 현재는 세종팀에서 재정경제부·기획예산처·공정거래위원회 등을 출입하고 있습니다. 할아버지부터 사촌 동생까지 쉽게 읽을 수 있는 경제 기사를 쓰겠습니다. 구독 구독수 206 00:00 / 01:35 Technology and Trends in Gangnam Read Article 100자평 도움말 삭제기준 AI 추천 오늘의 멤버십 호르몬 리셋 주사로 젊음을 산 70대의 착각… ‘현대판 불로초’는 이미 몸 안에 있다 조선경제 2조원 볼레오 광산, 1달러 매각... 산업부, 뒤늦은 책임 전가 AI 추천 오늘의 멤버십 호르몬 리셋 주사로 젊음을 산 70대의 착각… ‘현대판 불로초’는 이미 몸 안에 있다 조선경제 2조원 볼레오 광산, 1달러 매각... 산업부, 뒤늦은 책임 전가 AI 추천 오늘의 멤버십 호르몬 리셋 주사로 젊음을 산 70대의 착각… ‘현대판 불로초’는 이미 몸 안에 있다 조선경제 2조원 볼레오 광산, 1달러 매각... 산업부, 뒤늦은 책임 전가 By Taboola By Taboola 당신이 좋아할 만한 콘텐츠 AD 반복되는 ""허리통증, 다리저림"" 이제 수술없이 말끔이 간단치료! 제일정형외과병원 더 알아보기 돌아가기 AD 신차 살 필요 없습니다. 2~3년 렌트후 자유롭게 반납해도 위약금 0원, 자유롭게 인수 가능! 오토모빌 더 알아보기 돌아가기 AD 심해진 ""허리통증, 엉치저림"" 수술없이 말끔하게 개선하세요! 제일정형외과병원 더 알아보기 돌아가기 '100억 빚' 숨기고 결혼..신동엽에 선혜윤 PD ""내가 별면 돼"" 보살멘트 재조명 ('아니근데진짜') 돌아가기 마마무 솔라, 몸매가 이 정도였어? 비키니 입고 볼륨 엉덩이 노출 돌아가기 신동엽, 선혜윤 PD와 결혼한 이유 ""배우 OOO 닮아"" (아니근데진짜) 돌아가기 조선경제 많이 본 뉴스 코스닥 시총 1위 오른 뒤 반토막... 삼천당제약 논란 짚어보니 지난달 말 코스닥시장 시가총액 1위에 올랐다가 주가가 반 토막으로 내려앉은 삼천당제약 사태가 국내 바이오주 전반에 대한 시장 신뢰에 영... 한창 일할 30대, 64만명이 집에 있다 악화 일로인 청년 실업이 소비와 산업 현장의 주축인 30대로 번지고 있다. 20대 구직난이 2024년 말부터 악화하는 가운데, 오랜 기... 한창 일할 30대, 64만명이 집에 있다 악화 일로인 청년 실업이 소비와 산업 현장의 주축인 30대로 번지고 있다. 20대 구직난이 2024년 말부터 악화하는 가운데, 오랜 기... By Taboola By Taboola 지금 뜨는 콘텐츠 AD 남재현 박사, 복부비만 원인 ""내장지방 덩어리"" 이렇게 빼세요. 남재현 체지방 다이어트 돌아가기 AD ""나아졌다가 다시 아픈 허리' 이거 하나 놓치고 있습니다. 평온한 일상 돌아가기 AD 높은 혈당 고민? ""이 제품"" 먹은 후 만족도가 제일 높아..! 혈당+눈건강 솔루션골드 2 돌아가기 故 박보람, 지인과 술 먹다가 쓰러진 채 발견..벌써 사망 2주기 [Oh!쎈 이슈] 돌아가기 '윤여정 아들' 조늘, 父조영남 똑닮은 얼굴 첫 공개 ""母 자랑스럽지만.."" [Oh!쎈 이슈] 돌아가기 송지효 ""신라호텔서 5월 결혼"" 깜짝 '청첩장' 공개..설마 했더니 ""만우절"" 돌아가기",True,2723,31,17,change_rate,easy,사회,heuristic
1월 취업자 13.5만명 늘어...노인 일자리 신속 집행에 일시 호조,2025-02-14,https://www.chosun.com/economy/economy_general/2025/02/14/CMQ2GGIF6NFVFOK7NS472SUCSM,"1월 취업자 13.5만명 늘어...노인 일자리 신속 집행에 일시 호조 청년 고용률은 9개월째 감소세...코로나 초기 후 최장 감소세 강우량 기자 입력 2025.02.14. 08:20 업데이트 2025.02.14. 14:39 1 지난달 15세 이상 취업자 수가 13만5000명 늘어난 것으로 나타났다. 65세 이상에서만 33만8000명 늘었는데, 정부에서 재정 신속 집행을 하면서 노인 일자리를 연초부터 공급한 데 따른 일시적인 증가세로 풀이된다. 14일 통계청이 발표한 ‘1월 고용동향’에 따르면, 지난달 취업자 수는 2787만8000명으로 1년 전(2774만3000명)보다 13만5000명 늘었다. 지난해 7월(17만2000명) 이후 6개월 만에 최대 증가폭이자, 전달(-5만2000명) 감소세에서 한 달 만에 증가로 전환한 것이다. 정부가 ‘노인 일자리’ 공급 시기를 당기면서 고령층 취업자 수를 대폭 늘렸다. 앞서 정부는 지난달 초 경제정책방향을 발표하면서 재정 신속 집행의 일환으로 지난달 10일부터 노인 일자리 공급에 착수하겠다고 밝혔다. 지난해 2월 1일에 착수했던 것에 비해 20일 가량 앞당긴 것이다. 노인 일자리는 통상 65세 이상인 경우 지원할 수 있다. 이 덕분에 지난달 65세 이상 고령층 취업자만 33만8000명 늘었다. 노인 일자리에 참여하려는 고령층도 다수 몰리며 65세 이상 실업률이 9.6%로 전년 동월 대비 0.2%포인트 오르기도 했다. 공미숙 통계청 사회통계국장은 “노인 일자리 공급으로 보건·복지와 공공행정 분야 취업자가 늘면서 전체 고용 회복을 이끌었다”고 했다. 반면 청년층의 고용 한파는 지난달에도 이어지는 모습이었다. 지난달 15~29세 청년층 취업자 수는 전년 동월 대비 21만8000명 줄었는데, 고용률 기준으로도 44.8%에 그치며 전년 동월 대비 1.5%포인트 감소했다. 이는 지난 2021년 1월(-2.9%포인트) 이후 최대 감소폭이다. 청년층 고용률은 지난해 5월(-0.7%포인트) 이후 9개월째 감소하고 있는데, 코로나가 시작된 2020년 3월~2021년 2월 이후 최장 기간 감소세가 유지되는 상황이다. 지난달에는 설 연휴가 겹치며 일부 내수 업종에서 고용 감소폭이 축소되긴 했지만, 그 수준은 크지 않았다. 대표적으로 도·소매업 취업자는 전년 동월 대비 9만1000명 감소하는 데 그치며, 지난해 8월(-5만5000명) 이후 5개월 만에 최저 감소폭을 보였다. 지난해부터 주저앉은 건설업 경기 탓에 관련 고용도 부진의 늪에서 빠져나오지 못하는 상황이다. 지난달 건설업 취업자는 전년 동월 대비 16만9000명 감소하면서, 지난 2013년 관련 통계 작성 이래 최대 감소폭을 보였다. 건설업 공급이 많은 일용근로자도 전년 동월 대비 11만6000명 줄어들며, 지난해 8월 이후 6개월 연속으로 10만명대 감소폭을 보였다. 특히 일용직 근로자가 많은 50대는 취업자가 1만4000명 줄어들면서 지난 2021년 2월(-13만9000명) 이후 47개월 만에 감소세 보이기도 했다. 공미숙 국장은 “건설업과 더불어 도·소매업이나 부동산업 등에 종사하는 50대가 감소한 것으로 파악된다”고 했다. 1월 취업 노인일자리 강우량 기자 2020년 조선일보에 입사해 사회부를 거쳐 경제부에서 일하고 있습니다. 금융 당국과 은행, 보험, 카드 등 금융권을 취재하고 있습니다. 사실을 직시하고, 진실에 귀 기울이겠습니다. 구독수 259 Video Player is loading. Current Time 0:00 / Duration 1:37 Loaded : 32.97% 0:00 Stream Type LIVE Remaining Time - 1:37 1x Chapters descriptions off , selected subtitles settings , opens subtitles settings dialog subtitles off , selected Ladin , selected This is a modal window. Beginning of dialog window. Escape will cancel and close the window. Text Color White Black Red Green Blue Yellow Magenta Cyan Transparency Opaque Semi-Transparent Background Color Black White Red Green Blue Yellow Magenta Cyan Transparency Opaque Semi-Transparent Transparent Window Color Black White Red Green Blue Yellow Magenta Cyan Transparency Transparent Semi-Transparent Opaque Font Size 50% 75% 100% 125% 150% 175% 200% 300% 400% Text Edge Style None Raised Depressed Uniform Dropshadow Font Family Proportional Sans-Serif Monospace Sans-Serif Proportional Serif Monospace Serif Casual Script Small Caps End of dialog window. 100자평 1 도움말 삭제기준 최신순 관심순 하리한 2025.02.14 10:04 문어벙 정권에서는 이런 사실이 공표되지 않았었는데,,, 1 0 AI 추천 오늘의 멤버십 호르몬 리셋 주사로 젊음을 산 70대의 착각… ‘현대판 불로초’는 이미 몸 안에 있다 다카나리타의 니혼/니혼진 회식의 종말로 휘청한 ‘일본 술’… ‘우마미’로 부활한다 AI 추천 오늘의 멤버십 호르몬 리셋 주사로 젊음을 산 70대의 착각… ‘현대판 불로초’는 이미 몸 안에 있다 다카나리타의 니혼/니혼진 회식의 종말로 휘청한 ‘일본 술’… ‘우마미’로 부활한다 AI 추천 오늘의 멤버십 호르몬 리셋 주사로 젊음을 산 70대의 착각… ‘현대판 불로초’는 이미 몸 안에 있다 다카나리타의 니혼/니혼진 회식의 종말로 휘청한 ‘일본 술’… ‘우마미’로 부활한다 By Taboola By Taboola 당신이 좋아할 만한 콘텐츠 AD 새로 나온 '실비보험' 최적가 비교! ""수술·입원·진단비 든든하게""... 굿리치 [등록번호:제2006038313호] 돌아가기 AD 남재현 원장 '살 빠지는 新효소' 발견, 양껏 먹어도 미친듯이 살 빠져 남재현 체지방 다이어트 돌아가기 AD 혈당 고민 끝, 약사가 개발한 이 '제품' 먹으면 당 수치 싹~ 잡는다 혈당+눈건강 솔루션골드 2 돌아가기 이봉원, 박미선 암 투병 떠올리며 울컥…“갑자기 안 좋아져” 돌아가기 “그들은 끝까지 본인들 잘못 몰라, 뻔뻔”..홍서범·조갑경 전 며느리, 재차 저격 돌아가기 ""후회스럽다"" 이효리, 세상떠난 父와 마지막 투샷...투병 모습 먹먹 [핫피플] 돌아가기 조선경제 많이 본 뉴스 동학 개미 스승 박세익 ""코스피 주도주, 반도체에서 '이것'으로 바뀐다"" “파괴된 건물은 다시 지어야 합니다. 이미 들어간 비용은 매몰 비용이고, 재건을 위해 경제가 돌아가는 거죠. 이란이 중동의 정유·화학 ... 5만대 판매 넘었다, 배우 이미숙이 숙면을 위해 쓰기 시작한 것 조선몰은 국내 제조·유통기업의 판로를 돕고, 독자 혜택을 위해 정산·교환·반품·AS 걱정이 없는 우수 제품을 단독 최저가로 소개합니다.... 5만대 판매 넘었다, 배우 이미숙이 숙면을 위해 쓰기 시작한 것 조선몰은 국내 제조·유통기업의 판로를 돕고, 독자 혜택을 위해 정산·교환·반품·AS 걱정이 없는 우수 제품을 단독 최저가로 소개합니다.... By Taboola By Taboola 지금 뜨는 콘텐츠 AD ""밤새 나던 종아리 쥐가 안나요!""…막힌 혈관 찌꺼기 싹~! 청소한 “이것” 대박이네! 세계인정 특허원료 더루트 Rg3 돌아가기 AD 남재현 박사, 복부비만 원인 ""내장지방 덩어리"" 이렇게 빼세요. 남재현 체지방 다이어트 돌아가기 AD 새로 나온 '실비보험' 비교견적! ""개인별 맞춤설계+할인혜택"" 굿리치 [등록번호:제2006038313호] 돌아가기 김용건 “아이가 무슨 죄가 있겠나”...늦둥이 막내 향한 사랑 고백 돌아가기 손태영, 미국서 걷기만 해도 여신..이래서 ♥권상우가 반했나 돌아가기 ‘임창정♥’ 서하얀, 다섯 아들 엄마 쉴 틈이 없네 “두 손 두 발 다 들었다"" 돌아가기 오늘의 멤버십 홍정기 리듬으로 통증리셋 고관절 푸니 무릎도 가뿐… 앉아서 하는 하체 회복운동 김기철의 공미남 맑고 파워풀한 고음… 뮌헨 흔든 ‘소문의 테너’ 백석종 강화송의 스테이리스트 객실 문 앞엔 얼룩말, 난간 위엔 원숭이… 빅토리아 폭포를 품은 리조트 오늘의 멤버십 홍정기 리듬으로 통증리셋 고관절 푸니 무릎도 가뿐… 앉아서 하는 하체 회복운동 김기철의 공미남 맑고 파워풀한 고음… 뮌헨 흔든 ‘소문의 테너’ 백석종 강화송의 스테이리스트 객실 문 앞엔 얼룩말, 난간 위엔 원숭이… 빅토리아 폭포를 품은 리조트 배종찬의 정치&데이터 배우는 영화판에, 기술 전문가는 AI판에… 하정우 수석이 있어야 할 곳 오늘의 멤버십 1 / 2 홍정기 리듬으로 통증리셋 고관절 푸니 무릎도 가뿐… 앉아서 하는 하체 회복운동 김기철의 공미남 맑고 파워풀한 고음… 뮌헨 흔든 ‘소문의 테너’ 백석종 강화송의 스테이리스트 객실 문 앞엔 얼룩말, 난간 위엔 원숭이… 빅토리아 폭포를 품은 리조트 배종찬의 정치&데이터 배우는 영화판에, 기술 전문가는 AI판에… 하정우 수석이 있어야 할 곳 많이 본 뉴스 1 트럼프 ""美협상단 곧 도착... 오늘 이란과 합의 이뤄질 것"" 2 美 주방위군 출신 아빠가 자녀 7명을 총으로... 3 황교익·서승만 등 '코드 인사'에… 문화예술계 ""우리가 깍두기냐"" 4 [오늘의 운세] 4월 21일 화요일 (음력 3월 5일 乙丑) 5 지수, 친오빠 물의에 선긋기… ""금전·법률적 관계 없다"" 6 '미성년자 성폭행' 왕기춘, 6년 복역 마치고 곧 출소 7 도쿄 엘리베이터가 '덜컹'… 日, 후발지진 주의보 발령 8 트럼프 '다음 타깃' 지목된 쿠바…'소달구지' 대공포 훈련 실시 9 동학 개미 스승 박세익 ""코스피 주도주, 반도체에서 '이것'으로 바뀐다"" 10 李 ""구성 핵시설 이미 알려져… 정동영 기밀 누설 주장은 잘못"" 6 '미성년자 성폭행' 왕기춘, 6년 복역 마치고 곧 출소 7 도쿄 엘리베이터가 '덜컹'… 日, 후발지진 주의보 발령 8 트럼프 '다음 타깃' 지목된 쿠바…'소달구지' 대공포 훈련 실시 9 동학 개미 스승 박세익 ""코스피 주도주, 반도체에서 '이것'으로 바뀐다"" 10 李 ""구성 핵시설 이미 알려져… 정동영 기밀 누설 주장은 잘못"" 조선경제 경제 일반 1월 취업자 13.5만명 늘어...노인 일자리 신속 집행에 일시 호조 청년 고용률은 9개월째 감소세...코로나 초기 후 최장 감소세 1월 취업자 13.5만명 늘어...노인 일자리 신속 집행에 일시 호조 청년 고용률은 9개월째 감소세...코로나 초기 후 최장 감소세 1월 취업자 13.5만명 늘어...노인 일자리 신속 집행에 일시 호조 청년 고용률은 9개월째 감소세...코로나 초기 후 최장 감소세 강우량 기자 입력 2025.02.14. 08:20 업데이트 2025.02.14. 14:39 입력 2025.02.14. 08:20 업데이트 2025.02.14. 14:39 지난달 15세 이상 취업자 수가 13만5000명 늘어난 것으로 나타났다. 65세 이상에서만 33만8000명 늘었는데, 정부에서 재정 신속 집행을 하면서 노인 일자리를 연초부터 공급한 데 따른 일시적인 증가세로 풀이된다. 14일 통계청이 발표한 ‘1월 고용동향’에 따르면, 지난달 취업자 수는 2787만8000명으로 1년 전(2774만3000명)보다 13만5000명 늘었다. 지난해 7월(17만2000명) 이후 6개월 만에 최대 증가폭이자, 전달(-5만2000명) 감소세에서 한 달 만에 증가로 전환한 것이다. 정부가 ‘노인 일자리’ 공급 시기를 당기면서 고령층 취업자 수를 대폭 늘렸다. 앞서 정부는 지난달 초 경제정책방향을 발표하면서 재정 신속 집행의 일환으로 지난달 10일부터 노인 일자리 공급에 착수하겠다고 밝혔다. 지난해 2월 1일에 착수했던 것에 비해 20일 가량 앞당긴 것이다. 노인 일자리는 통상 65세 이상인 경우 지원할 수 있다. 이 덕분에 지난달 65세 이상 고령층 취업자만 33만8000명 늘었다. 노인 일자리에 참여하려는 고령층도 다수 몰리며 65세 이상 실업률이 9.6%로 전년 동월 대비 0.2%포인트 오르기도 했다. 공미숙 통계청 사회통계국장은 “노인 일자리 공급으로 보건·복지와 공공행정 분야 취업자가 늘면서 전체 고용 회복을 이끌었다”고 했다. 반면 청년층의 고용 한파는 지난달에도 이어지는 모습이었다. 지난달 15~29세 청년층 취업자 수는 전년 동월 대비 21만8000명 줄었는데, 고용률 기준으로도 44.8%에 그치며 전년 동월 대비 1.5%포인트 감소했다. 이는 지난 2021년 1월(-2.9%포인트) 이후 최대 감소폭이다. 청년층 고용률은 지난해 5월(-0.7%포인트) 이후 9개월째 감소하고 있는데, 코로나가 시작된 2020년 3월~2021년 2월 이후 최장 기간 감소세가 유지되는 상황이다. 지난달에는 설 연휴가 겹치며 일부 내수 업종에서 고용 감소폭이 축소되긴 했지만, 그 수준은 크지 않았다. 대표적으로 도·소매업 취업자는 전년 동월 대비 9만1000명 감소하는 데 그치며, 지난해 8월(-5만5000명) 이후 5개월 만에 최저 감소폭을 보였다. 지난해부터 주저앉은 건설업 경기 탓에 관련 고용도 부진의 늪에서 빠져나오지 못하는 상황이다. 지난달 건설업 취업자는 전년 동월 대비 16만9000명 감소하면서, 지난 2013년 관련 통계 작성 이래 최대 감소폭을 보였다. 건설업 공급이 많은 일용근로자도 전년 동월 대비 11만6000명 줄어들며, 지난해 8월 이후 6개월 연속으로 10만명대 감소폭을 보였다. 특히 일용직 근로자가 많은 50대는 취업자가 1만4000명 줄어들면서 지난 2021년 2월(-13만9000명) 이후 47개월 만에 감소세 보이기도 했다. 공미숙 국장은 “건설업과 더불어 도·소매업이나 부동산업 등에 종사하는 50대가 감소한 것으로 파악된다”고 했다. 강우량 기자 2020년 조선일보에 입사해 사회부를 거쳐 경제부에서 일하고 있습니다. 금융 당국과 은행, 보험, 카드 등 금융권을 취재하고 있습니다. 사실을 직시하고, 진실에 귀 기울이겠습니다. 구독수 259 강우량 기자 2020년 조선일보에 입사해 사회부를 거쳐 경제부에서 일하고 있습니다. 금융 당국과 은행, 보험, 카드 등 금융권을 취재하고 있습니다. 사실을 직시하고, 진실에 귀 기울이겠습니다. 2020년 조선일보에 입사해 사회부를 거쳐 경제부에서 일하고 있습니다. 금융 당국과 은행, 보험, 카드 등 금융권을 취재하고 있습니다. 사실을 직시하고, 진실에 귀 기울이겠습니다. Video Player is loading. Current Time 0:00 / Duration 1:37 Loaded : 32.97% 0:00 Stream Type LIVE Remaining Time - 1:37 1x Chapters descriptions off , selected subtitles settings , opens subtitles settings dialog subtitles off , selected Ladin , selected This is a modal window. Beginning of dialog window. Escape will cancel and close the window. Text Color White Black Red Green Blue Yellow Magenta Cyan Transparency Opaque Semi-Transparent Background Color Black White Red Green Blue Yellow Magenta Cyan Transparency Opaque Semi-Transparent Transparent Window Color Black White Red Green Blue Yellow Magenta Cyan Transparency Transparent Semi-Transparent Opaque Font Size 50% 75% 100% 125% 150% 175% 200% 300% 400% Text Edge Style None Raised Depressed Uniform Dropshadow Font Family Proportional Sans-Serif Monospace Sans-Serif Proportional Serif Monospace Serif Casual Script Small Caps End of dialog window. Current Time 0:00 / Duration 1:37 Loaded : 32.97% 0:00 Stream Type LIVE Remaining Time - 1:37 1x Chapters descriptions off , selected subtitles settings , opens subtitles settings dialog subtitles off , selected Ladin , selected descriptions off , selected subtitles settings , opens subtitles settings dialog subtitles off , selected , opens subtitles settings dialog Beginning of dialog window. Escape will cancel and close the window. Text Color White Black Red Green Blue Yellow Magenta Cyan Transparency Opaque Semi-Transparent Background Color Black White Red Green Blue Yellow Magenta Cyan Transparency Opaque Semi-Transparent Transparent Window Color Black White Red Green Blue Yellow Magenta Cyan Transparency Transparent Semi-Transparent Opaque Font Size 50% 75% 100% 125% 150% 175% 200% 300% 400% Text Edge Style None Raised Depressed Uniform Dropshadow Font Family Proportional Sans-Serif Monospace Sans-Serif Proportional Serif Monospace Serif Casual Script Small Caps End of dialog window. Beginning of dialog window. Escape will cancel and close the window. Text Color White Black Red Green Blue Yellow Magenta Cyan Transparency Opaque Semi-Transparent Background Color Black White Red Green Blue Yellow Magenta Cyan Transparency Opaque Semi-Transparent Transparent Window Color Black White Red Green Blue Yellow Magenta Cyan Transparency Transparent Semi-Transparent Opaque Font Size 50% 75% 100% 125% 150% 175% 200% 300% 400% Text Edge Style None Raised Depressed Uniform Dropshadow Font Family Proportional Sans-Serif Monospace Sans-Serif Proportional Serif Monospace Serif Casual Script Small Caps Text Color White Black Red Green Blue Yellow Magenta Cyan Transparency Opaque Semi-Transparent Background Color Black White Red Green Blue Yellow Magenta Cyan Transparency Opaque Semi-Transparent Transparent Window Color Black White Red Green Blue Yellow Magenta Cyan Transparency Transparent Semi-Transparent Opaque Transparency Opaque Semi-Transparent Transparency Opaque Semi-Transparent Transparent Transparency Transparent Semi-Transparent Opaque Font Size 50% 75% 100% 125% 150% 175% 200% 300% 400% Text Edge Style None Raised Depressed Uniform Dropshadow Font Family Proportional Sans-Serif Monospace Sans-Serif Proportional Serif Monospace Serif Casual Script Small Caps 100자평 1 도움말 삭제기준 최신순 관심순 하리한 2025.02.14 10:04 문어벙 정권에서는 이런 사실이 공표되지 않았었는데,,, 1 0 하리한 2025.02.14 10:04 문어벙 정권에서는 이런 사실이 공표되지 않았었는데,,, 1 0 문어벙 정권에서는 이런 사실이 공표되지 않았었는데,,, AI 추천 오늘의 멤버십 호르몬 리셋 주사로 젊음을 산 70대의 착각… ‘현대판 불로초’는 이미 몸 안에 있다 다카나리타의 니혼/니혼진 회식의 종말로 휘청한 ‘일본 술’… ‘우마미’로 부활한다 AI 추천 오늘의 멤버십 호르몬 리셋 주사로 젊음을 산 70대의 착각… ‘현대판 불로초’는 이미 몸 안에 있다 다카나리타의 니혼/니혼진 회식의 종말로 휘청한 ‘일본 술’… ‘우마미’로 부활한다 AI 추천 오늘의 멤버십 호르몬 리셋 주사로 젊음을 산 70대의 착각… ‘현대판 불로초’는 이미 몸 안에 있다 다카나리타의 니혼/니혼진 회식의 종말로 휘청한 ‘일본 술’… ‘우마미’로 부활한다 AI 추천 오늘의 멤버십 호르몬 리셋 주사로 젊음을 산 70대의 착각… ‘현대판 불로초’는 이미 몸 안에 있다 다카나리타의 니혼/니혼진 회식의 종말로 휘청한 ‘일본 술’… ‘우마미’로 부활한다 호르몬 리셋 주사로 젊음을 산 70대의 착각… ‘현대판 불로초’는 이미 몸 안에 있다 주사로 젊음을 산 70대의 착각… ‘현대판 불로초’는 이미 몸 안에 있다 다카나리타의 니혼/니혼진 회식의 종말로 휘청한 ‘일본 술’… ‘우마미’로 부활한다 회식의 종말로 휘청한 ‘일본 술’… ‘우마미’로 부활한다 호르몬 리셋 주사로 젊음을 산 70대의 착각… ‘현대판 불로초’는 이미 몸 안에 있다 다카나리타의 니혼/니혼진 회식의 종말로 휘청한 ‘일본 술’… ‘우마미’로 부활한다 By Taboola By Taboola 당신이 좋아할 만한 콘텐츠 AD 새로 나온 '실비보험' 최적가 비교! ""수술·입원·진단비 든든하게""... 굿리치 [등록번호:제2006038313호] 돌아가기 AD 남재현 원장 '살 빠지는 新효소' 발견, 양껏 먹어도 미친듯이 살 빠져 남재현 체지방 다이어트 돌아가기 AD 혈당 고민 끝, 약사가 개발한 이 '제품' 먹으면 당 수치 싹~ 잡는다 혈당+눈건강 솔루션골드 2 돌아가기 이봉원, 박미선 암 투병 떠올리며 울컥…“갑자기 안 좋아져” 돌아가기 “그들은 끝까지 본인들 잘못 몰라, 뻔뻔”..홍서범·조갑경 전 며느리, 재차 저격 돌아가기 ""후회스럽다"" 이효리, 세상떠난 父와 마지막 투샷...투병 모습 먹먹 [핫피플] 돌아가기 By Taboola By Taboola 당신이 좋아할 만한 콘텐츠 AD 새로 나온 '실비보험' 최적가 비교! ""수술·입원·진단비 든든하게""... 굿리치 [등록번호:제2006038313호] 돌아가기 AD 남재현 원장 '살 빠지는 新효소' 발견, 양껏 먹어도 미친듯이 살 빠져 남재현 체지방 다이어트 돌아가기 AD 혈당 고민 끝, 약사가 개발한 이 '제품' 먹으면 당 수치 싹~ 잡는다 혈당+눈건강 솔루션골드 2 돌아가기 이봉원, 박미선 암 투병 떠올리며 울컥…“갑자기 안 좋아져” 돌아가기 “그들은 끝까지 본인들 잘못 몰라, 뻔뻔”..홍서범·조갑경 전 며느리, 재차 저격 돌아가기 ""후회스럽다"" 이효리, 세상떠난 父와 마지막 투샷...투병 모습 먹먹 [핫피플] 돌아가기 AD 새로 나온 '실비보험' 최적가 비교! ""수술·입원·진단비 든든하게""... 굿리치 [등록번호:제2006038313호] 돌아가기 새로 나온 '실비보험' 최적가 비교! ""수술·입원·진단비 든든하게""... 굿리치 [등록번호:제2006038313호] 새로 나온 '실비보험' 최적가 비교! ""수술·입원·진단비 든든하게""... AD 남재현 원장 '살 빠지는 新효소' 발견, 양껏 먹어도 미친듯이 살 빠져 남재현 체지방 다이어트 돌아가기 남재현 원장 '살 빠지는 新효소' 발견, 양껏 먹어도 미친듯이 살 빠져 남재현 체지방 다이어트 남재현 원장 '살 빠지는 新효소' 발견, 양껏 먹어도 미친듯이 살 빠져 AD 혈당 고민 끝, 약사가 개발한 이 '제품' 먹으면 당 수치 싹~ 잡는다 혈당+눈건강 솔루션골드 2 돌아가기 혈당 고민 끝, 약사가 개발한 이 '제품' 먹으면 당 수치 싹~ 잡는다 혈당+눈건강 솔루션골드 2 혈당 고민 끝, 약사가 개발한 이 '제품' 먹으면 당 수치 싹~ 잡는다 이봉원, 박미선 암 투병 떠올리며 울컥…“갑자기 안 좋아져” 돌아가기 이봉원, 박미선 암 투병 떠올리며 울컥…“갑자기 안 좋아져” “그들은 끝까지 본인들 잘못 몰라, 뻔뻔”..홍서범·조갑경 전 며느리, 재차 저격 돌아가기 “그들은 끝까지 본인들 잘못 몰라, 뻔뻔”..홍서범·조갑경 전 며느리, 재차 저격 ""후회스럽다"" 이효리, 세상떠난 父와 마지막 투샷...투병 모습 먹먹 [핫피플] 돌아가기 ""후회스럽다"" 이효리, 세상떠난 父와 마지막 투샷...투병 모습 먹먹 [핫피플] 조선경제 많이 본 뉴스 동학 개미 스승 박세익 ""코스피 주도주, 반도체에서 '이것'으로 바뀐다"" “파괴된 건물은 다시 지어야 합니다. 이미 들어간 비용은 매몰 비용이고, 재건을 위해 경제가 돌아가는 거죠. 이란이 중동의 정유·화학 ... 5만대 판매 넘었다, 배우 이미숙이 숙면을 위해 쓰기 시작한 것 조선몰은 국내 제조·유통기업의 판로를 돕고, 독자 혜택을 위해 정산·교환·반품·AS 걱정이 없는 우수 제품을 단독 최저가로 소개합니다.... 5만대 판매 넘었다, 배우 이미숙이 숙면을 위해 쓰기 시작한 것 조선몰은 국내 제조·유통기업의 판로를 돕고, 독자 혜택을 위해 정산·교환·반품·AS 걱정이 없는 우수 제품을 단독 최저가로 소개합니다.... 동학 개미 스승 박세익 ""코스피 주도주, 반도체에서 '이것'으로 바뀐다"" “파괴된 건물은 다시 지어야 합니다. 이미 들어간 비용은 매몰 비용이고, 재건을 위해 경제가 돌아가는 거죠. 이란이 중동의 정유·화학 ... 5만대 판매 넘었다, 배우 이미숙이 숙면을 위해 쓰기 시작한 것 조선몰은 국내 제조·유통기업의 판로를 돕고, 독자 혜택을 위해 정산·교환·반품·AS 걱정이 없는 우수 제품을 단독 최저가로 소개합니다.... 5만대 판매 넘었다, 배우 이미숙이 숙면을 위해 쓰기 시작한 것 조선몰은 국내 제조·유통기업의 판로를 돕고, 독자 혜택을 위해 정산·교환·반품·AS 걱정이 없는 우수 제품을 단독 최저가로 소개합니다.... 동학 개미 스승 박세익 ""코스피 주도주, 반도체에서 '이것'으로 바뀐다"" “파괴된 건물은 다시 지어야 합니다. 이미 들어간 비용은 매몰 비용이고, 재건을 위해 경제가 돌아가는 거죠. 이란이 중동의 정유·화학 ... 5만대 판매 넘었다, 배우 이미숙이 숙면을 위해 쓰기 시작한 것 조선몰은 국내 제조·유통기업의 판로를 돕고, 독자 혜택을 위해 정산·교환·반품·AS 걱정이 없는 우수 제품을 단독 최저가로 소개합니다.... 동학 개미 스승 박세익 ""코스피 주도주, 반도체에서 '이것'으로 바뀐다"" “파괴된 건물은 다시 지어야 합니다. 이미 들어간 비용은 매몰 비용이고, 재건을 위해 경제가 돌아가는 거죠. 이란이 중동의 정유·화학 ... 동학 개미 스승 박세익 ""코스피 주도주, 반도체에서 '이것'으로 바뀐다"" “파괴된 건물은 다시 지어야 합니다. 이미 들어간 비용은 매몰 비용이고, 재건을 위해 경제가 돌아가는 거죠. 이란이 중동의 정유·화학 ... 5만대 판매 넘었다, 배우 이미숙이 숙면을 위해 쓰기 시작한 것 조선몰은 국내 제조·유통기업의 판로를 돕고, 독자 혜택을 위해 정산·교환·반품·AS 걱정이 없는 우수 제품을 단독 최저가로 소개합니다.... 5만대 판매 넘었다, 배우 이미숙이 숙면을 위해 쓰기 시작한 것 조선몰은 국내 제조·유통기업의 판로를 돕고, 독자 혜택을 위해 정산·교환·반품·AS 걱정이 없는 우수 제품을 단독 최저가로 소개합니다.... By Taboola By Taboola 지금 뜨는 콘텐츠 AD ""밤새 나던 종아리 쥐가 안나요!""…막힌 혈관 찌꺼기 싹~! 청소한 “이것” 대박이네! 세계인정 특허원료 더루트 Rg3 돌아가기 AD 남재현 박사, 복부비만 원인 ""내장지방 덩어리"" 이렇게 빼세요. 남재현 체지방 다이어트 돌아가기 AD 새로 나온 '실비보험' 비교견적! ""개인별 맞춤설계+할인혜택"" 굿리치 [등록번호:제2006038313호] 돌아가기 김용건 “아이가 무슨 죄가 있겠나”...늦둥이 막내 향한 사랑 고백 돌아가기 손태영, 미국서 걷기만 해도 여신..이래서 ♥권상우가 반했나 돌아가기 ‘임창정♥’ 서하얀, 다섯 아들 엄마 쉴 틈이 없네 “두 손 두 발 다 들었다"" 돌아가기 By Taboola By Taboola 지금 뜨는 콘텐츠 AD ""밤새 나던 종아리 쥐가 안나요!""…막힌 혈관 찌꺼기 싹~! 청소한 “이것” 대박이네! 세계인정 특허원료 더루트 Rg3 돌아가기 AD 남재현 박사, 복부비만 원인 ""내장지방 덩어리"" 이렇게 빼세요. 남재현 체지방 다이어트 돌아가기 AD 새로 나온 '실비보험' 비교견적! ""개인별 맞춤설계+할인혜택"" 굿리치 [등록번호:제2006038313호] 돌아가기 김용건 “아이가 무슨 죄가 있겠나”...늦둥이 막내 향한 사랑 고백 돌아가기 손태영, 미국서 걷기만 해도 여신..이래서 ♥권상우가 반했나 돌아가기 ‘임창정♥’ 서하얀, 다섯 아들 엄마 쉴 틈이 없네 “두 손 두 발 다 들었다"" 돌아가기 AD ""밤새 나던 종아리 쥐가 안나요!""…막힌 혈관 찌꺼기 싹~! 청소한 “이것” 대박이네! 세계인정 특허원료 더루트 Rg3 돌아가기 ""밤새 나던 종아리 쥐가 안나요!""…막힌 혈관 찌꺼기 싹~! 청소한 “이것” 대박이네! 세계인정 특허원료 더루트 Rg3 ""밤새 나던 종아리 쥐가 안나요!""…막힌 혈관 찌꺼기 싹~! 청소한 “이것” 대박이네! AD 남재현 박사, 복부비만 원인 ""내장지방 덩어리"" 이렇게 빼세요. 남재현 체지방 다이어트 돌아가기 남재현 박사, 복부비만 원인 ""내장지방 덩어리"" 이렇게 빼세요. 남재현 체지방 다이어트 남재현 박사, 복부비만 원인 ""내장지방 덩어리"" 이렇게 빼세요. AD 새로 나온 '실비보험' 비교견적! ""개인별 맞춤설계+할인혜택"" 굿리치 [등록번호:제2006038313호] 돌아가기 새로 나온 '실비보험' 비교견적! ""개인별 맞춤설계+할인혜택"" 굿리치 [등록번호:제2006038313호] 새로 나온 '실비보험' 비교견적! ""개인별 맞춤설계+할인혜택"" 김용건 “아이가 무슨 죄가 있겠나”...늦둥이 막내 향한 사랑 고백 돌아가기 김용건 “아이가 무슨 죄가 있겠나”...늦둥이 막내 향한 사랑 고백 손태영, 미국서 걷기만 해도 여신..이래서 ♥권상우가 반했나 돌아가기 손태영, 미국서 걷기만 해도 여신..이래서 ♥권상우가 반했나 ‘임창정♥’ 서하얀, 다섯 아들 엄마 쉴 틈이 없네 “두 손 두 발 다 들었다"" 돌아가기 ‘임창정♥’ 서하얀, 다섯 아들 엄마 쉴 틈이 없네 “두 손 두 발 다 들었다"" 오늘의 멤버십 홍정기 리듬으로 통증리셋 고관절 푸니 무릎도 가뿐… 앉아서 하는 하체 회복운동 김기철의 공미남 맑고 파워풀한 고음… 뮌헨 흔든 ‘소문의 테너’ 백석종 강화송의 스테이리스트 객실 문 앞엔 얼룩말, 난간 위엔 원숭이… 빅토리아 폭포를 품은 리조트 오늘의 멤버십 홍정기 리듬으로 통증리셋 고관절 푸니 무릎도 가뿐… 앉아서 하는 하체 회복운동 김기철의 공미남 맑고 파워풀한 고음… 뮌헨 흔든 ‘소문의 테너’ 백석종 강화송의 스테이리스트 객실 문 앞엔 얼룩말, 난간 위엔 원숭이… 빅토리아 폭포를 품은 리조트 배종찬의 정치&데이터 배우는 영화판에, 기술 전문가는 AI판에… 하정우 수석이 있어야 할 곳 오늘의 멤버십 1 / 2 홍정기 리듬으로 통증리셋 고관절 푸니 무릎도 가뿐… 앉아서 하는 하체 회복운동 김기철의 공미남 맑고 파워풀한 고음… 뮌헨 흔든 ‘소문의 테너’ 백석종 강화송의 스테이리스트 객실 문 앞엔 얼룩말, 난간 위엔 원숭이… 빅토리아 폭포를 품은 리조트 배종찬의 정치&데이터 배우는 영화판에, 기술 전문가는 AI판에… 하정우 수석이 있어야 할 곳 홍정기 리듬으로 통증리셋 고관절 푸니 무릎도 가뿐… 앉아서 하는 하체 회복운동 고관절 푸니 무릎도 가뿐… 앉아서 하는 하체 회복운동 김기철의 공미남 맑고 파워풀한 고음… 뮌헨 흔든 ‘소문의 테너’ 백석종 맑고 파워풀한 고음… 뮌헨 흔든 ‘소문의 테너’ 백석종 강화송의 스테이리스트 객실 문 앞엔 얼룩말, 난간 위엔 원숭이… 빅토리아 폭포를 품은 리조트 객실 문 앞엔 얼룩말, 난간 위엔 원숭이… 빅토리아 폭포를 품은 리조트 홍정기 리듬으로 통증리셋 고관절 푸니 무릎도 가뿐… 앉아서 하는 하체 회복운동 김기철의 공미남 맑고 파워풀한 고음… 뮌헨 흔든 ‘소문의 테너’ 백석종 강화송의 스테이리스트 객실 문 앞엔 얼룩말, 난간 위엔 원숭이… 빅토리아 폭포를 품은 리조트 배종찬의 정치&데이터 배우는 영화판에, 기술 전문가는 AI판에… 하정우 수석이 있어야 할 곳 배종찬의 정치&데이터 배우는 영화판에, 기술 전문가는 AI판에… 하정우 수석이 있어야 할 곳 배우는 영화판에, 기술 전문가는 AI판에… 하정우 수석이 있어야 할 곳 오늘의 멤버십 1 / 2 홍정기 리듬으로 통증리셋 고관절 푸니 무릎도 가뿐… 앉아서 하는 하체 회복운동 김기철의 공미남 맑고 파워풀한 고음… 뮌헨 흔든 ‘소문의 테너’ 백석종 강화송의 스테이리스트 객실 문 앞엔 얼룩말, 난간 위엔 원숭이… 빅토리아 폭포를 품은 리조트 배종찬의 정치&데이터 배우는 영화판에, 기술 전문가는 AI판에… 하정우 수석이 있어야 할 곳 홍정기 리듬으로 통증리셋 고관절 푸니 무릎도 가뿐… 앉아서 하는 하체 회복운동 김기철의 공미남 맑고 파워풀한 고음… 뮌헨 흔든 ‘소문의 테너’ 백석종 강화송의 스테이리스트 객실 문 앞엔 얼룩말, 난간 위엔 원숭이… 빅토리아 폭포를 품은 리조트 배종찬의 정치&데이터 배우는 영화판에, 기술 전문가는 AI판에… 하정우 수석이 있어야 할 곳 많이 본 뉴스 1 트럼프 ""美협상단 곧 도착... 오늘 이란과 합의 이뤄질 것"" 2 美 주방위군 출신 아빠가 자녀 7명을 총으로... 3 황교익·서승만 등 '코드 인사'에… 문화예술계 ""우리가 깍두기냐"" 4 [오늘의 운세] 4월 21일 화요일 (음력 3월 5일 乙丑) 5 지수, 친오빠 물의에 선긋기… ""금전·법률적 관계 없다"" 6 '미성년자 성폭행' 왕기춘, 6년 복역 마치고 곧 출소 7 도쿄 엘리베이터가 '덜컹'… 日, 후발지진 주의보 발령 8 트럼프 '다음 타깃' 지목된 쿠바…'소달구지' 대공포 훈련 실시 9 동학 개미 스승 박세익 ""코스피 주도주, 반도체에서 '이것'으로 바뀐다"" 10 李 ""구성 핵시설 이미 알려져… 정동영 기밀 누설 주장은 잘못"" 6 '미성년자 성폭행' 왕기춘, 6년 복역 마치고 곧 출소 7 도쿄 엘리베이터가 '덜컹'… 日, 후발지진 주의보 발령 8 트럼프 '다음 타깃' 지목된 쿠바…'소달구지' 대공포 훈련 실시 9 동학 개미 스승 박세익 ""코스피 주도주, 반도체에서 '이것'으로 바뀐다"" 10 李 ""구성 핵시설 이미 알려져… 정동영 기밀 누설 주장은 잘못"" 1 트럼프 ""美협상단 곧 도착... 오늘 이란과 합의 이뤄질 것"" 2 美 주방위군 출신 아빠가 자녀 7명을 총으로... 3 황교익·서승만 등 '코드 인사'에… 문화예술계 ""우리가 깍두기냐"" 4 [오늘의 운세] 4월 21일 화요일 (음력 3월 5일 乙丑) 5 지수, 친오빠 물의에 선긋기… ""금전·법률적 관계 없다"" 6 '미성년자 성폭행' 왕기춘, 6년 복역 마치고 곧 출소 7 도쿄 엘리베이터가 '덜컹'… 日, 후발지진 주의보 발령 8 트럼프 '다음 타깃' 지목된 쿠바…'소달구지' 대공포 훈련 실시 9 동학 개미 스승 박세익 ""코스피 주도주, 반도체에서 '이것'으로 바뀐다"" 10 李 ""구성 핵시설 이미 알려져… 정동영 기밀 누설 주장은 잘못"" 6 '미성년자 성폭행' 왕기춘, 6년 복역 마치고 곧 출소 7 도쿄 엘리베이터가 '덜컹'… 日, 후발지진 주의보 발령 8 트럼프 '다음 타깃' 지목된 쿠바…'소달구지' 대공포 훈련 실시 9 동학 개미 스승 박세익 ""코스피 주도주, 반도체에서 '이것'으로 바뀐다"" 10 李 ""구성 핵시설 이미 알려져… 정동영 기밀 누설 주장은 잘못"" 1 트럼프 ""美협상단 곧 도착... 오늘 이란과 합의 이뤄질 것"" 2 美 주방위군 출신 아빠가 자녀 7명을 총으로... 3 황교익·서승만 등 '코드 인사'에… 문화예술계 ""우리가 깍두기냐"" 4 [오늘의 운세] 4월 21일 화요일 (음력 3월 5일 乙丑) 5 지수, 친오빠 물의에 선긋기… ""금전·법률적 관계 없다"" 6 '미성년자 성폭행' 왕기춘, 6년 복역 마치고 곧 출소 7 도쿄 엘리베이터가 '덜컹'… 日, 후발지진 주의보 발령 8 트럼프 '다음 타깃' 지목된 쿠바…'소달구지' 대공포 훈련 실시 9 동학 개미 스승 박세익 ""코스피 주도주, 반도체에서 '이것'으로 바뀐다"" 10 李 ""구성 핵시설 이미 알려져… 정동영 기밀 누설 주장은 잘못"" 1 트럼프 ""美협상단 곧 도착... 오늘 이란과 합의 이뤄질 것"" 트럼프 ""美협상단 곧 도착... 오늘 이란과 합의 이뤄질 것"" 2 美 주방위군 출신 아빠가 자녀 7명을 총으로... 美 주방위군 출신 아빠가 자녀 7명을 총으로... 3 황교익·서승만 등 '코드 인사'에… 문화예술계 ""우리가 깍두기냐"" 황교익·서승만 등 '코드 인사'에… 문화예술계 ""우리가 깍두기냐"" 4 [오늘의 운세] 4월 21일 화요일 (음력 3월 5일 乙丑) [오늘의 운세] 4월 21일 화요일 (음력 3월 5일 乙丑) 5 지수, 친오빠 물의에 선긋기… ""금전·법률적 관계 없다"" 지수, 친오빠 물의에 선긋기… ""금전·법률적 관계 없다"" 6 '미성년자 성폭행' 왕기춘, 6년 복역 마치고 곧 출소 '미성년자 성폭행' 왕기춘, 6년 복역 마치고 곧 출소 7 도쿄 엘리베이터가 '덜컹'… 日, 후발지진 주의보 발령 도쿄 엘리베이터가 '덜컹'… 日, 후발지진 주의보 발령 8 트럼프 '다음 타깃' 지목된 쿠바…'소달구지' 대공포 훈련 실시 트럼프 '다음 타깃' 지목된 쿠바…'소달구지' 대공포 훈련 실시 9 동학 개미 스승 박세익 ""코스피 주도주, 반도체에서 '이것'으로 바뀐다"" 10 李 ""구성 핵시설 이미 알려져… 정동영 기밀 누설 주장은 잘못"" 李 ""구성 핵시설 이미 알려져… 정동영 기밀 누설 주장은 잘못"" 6 '미성년자 성폭행' 왕기춘, 6년 복역 마치고 곧 출소 7 도쿄 엘리베이터가 '덜컹'… 日, 후발지진 주의보 발령 8 트럼프 '다음 타깃' 지목된 쿠바…'소달구지' 대공포 훈련 실시 9 동학 개미 스승 박세익 ""코스피 주도주, 반도체에서 '이것'으로 바뀐다"" 10 李 ""구성 핵시설 이미 알려져… 정동영 기밀 누설 주장은 잘못"" 오피니언 사설 칼럼 朝鮮칼럼 The Column 태평로 동서남북 경제포커스 만물상 에스프레소 데스크에서 기자의 시각 특파원 칼럼 기자수첩 팔면봉 ESSAY 전문가 칼럼 정치 정치 일반 청와대 국회·정당 북한 외교·국방 행정 국제 국제 일반 미국 중국 | 일본 아시아 유럽 중동·아프리카·중남미 해외토픽 사회 사회 일반 사건사고 법조 교육 노동 교통·환경 복지·의료 취업 피플 부음·인사 아무튼, 주말 전국 조선경제 WEEKLY BIZ 테크 과학 산업·재계 자동차 부동산 생활경제 중기·벤처 스타트업 취중잡담 경제 일반 머니 증권·금융 국제경제 재테크 스포츠 스포츠 일반 야구 해외야구 축구 해외축구 농구 배구 골프 스포츠포토 건강 조선몰 문화·연예 연예 일반 스타 | 방송 영화 소식 | 음악 연예 포토 문화 일반 책 | 영화 음악 | 공연 미술·전시 종교·학술 방송·미디어 건축·디자인 패션·뷰티 여행 | 음식·맛집 리빙 조선리더스 조선일보 구독신청 초판서비스 신문은 선생님 오늘의 운세 DB조선 지면 PDF보기 인물검색 사진검색 뉴스 라이브러리 뉴스Q 뉴스레터 오피니언 정치 국제 사회 조선경제 스포츠 건강 문화· 연예 조선 리더스 조선몰 조선일보 공식 SNS 페이스북 트위터 유튜브 인스타그램 오피니언 사설 칼럼 朝鮮칼럼 The Column 태평로 동서남북 경제포커스 만물상 에스프레소 데스크에서 기자의 시각 특파원 칼럼 기자수첩 팔면봉 ESSAY 전문가 칼럼 정치 정치 일반 청와대 국회·정당 북한 외교·국방 행정 국제 국제 일반 미국 중국 | 일본 아시아 유럽 중동·아프리카·중남미 해외토픽 사회 사회 일반 사건사고 법조 교육 노동 교통·환경 복지·의료 취업 피플 부음·인사 아무튼, 주말 전국 조선경제 WEEKLY BIZ 테크 과학 산업·재계 자동차 부동산 생활경제 중기·벤처 스타트업 취중잡담 경제 일반 머니 증권·금융 국제경제 재테크 스포츠 스포츠 일반 야구 해외야구 축구 해외축구 농구 배구 골프 스포츠포토 건강 조선몰 문화·연예 연예 일반 스타 | 방송 영화 소식 | 음악 연예 포토 문화 일반 책 | 영화 음악 | 공연 미술·전시 종교·학술 방송·미디어 건축·디자인 패션·뷰티 여행 | 음식·맛집 리빙 조선리더스 조선일보 구독신청 초판서비스 신문은 선생님 오늘의 운세 DB조선 지면 PDF보기 인물검색 사진검색 뉴스 라이브러리 뉴스Q 뉴스레터 오피니언 정치 국제 사회 조선경제 스포츠 건강 문화· 연예 조선 리더스 조선몰 조선일보 공식 SNS 오피니언 정치 국제 사회 조선경제 스포츠 건강 문화· 연예 조선 리더스 조선몰 조선일보 공식 SNS 주소: 서울특별시 중구 세종대로21길 30, 4층(태평로1가) | 대표번호 02)724-5114 인터넷신문등록번호: 서울 아 01718 등록(발행)일자: 2011년 07월 26일 발행인·편집인: 홍준호 개인정보처리방침 청소년보호정책(책임자: 나민수) Copyright 조선일보 All rights reserved. 무단 전재 및 재배포 금지. 회사소개 기자채용 고객센터 독자권익보호위원회 기사제보 뉴지엄 광고안내 콘텐츠구매 제휴문의 사이트맵 조선미디어 관계사 개인정보처리방침 사이트맵 Copyright 조선일보 All rights reserved. 무단 전재 및 재배포 금지. 주소: 서울특별시 중구 세종대로21길 30, 4층(태평로1가) | 대표번호 02)724-5114 인터넷신문등록번호: 서울 아 01718 등록(발행)일자: 2011년 07월 26일 발행인·편집인: 홍준호 개인정보처리방침 청소년보호정책(책임자: 나민수) Copyright 조선일보 All rights reserved. 무단 전재 및 재배포 금지. 회사소개 기자채용 고객센터 독자권익보호위원회 기사제보 뉴지엄 광고안내 콘텐츠구매 제휴문의 사이트맵 조선미디어 관계사 주소: 서울특별시 중구 세종대로21길 30, 4층(태평로1가) | 대표번호 02)724-5114 인터넷신문등록번호: 서울 아 01718 등록(발행)일자: 2011년 07월 26일 발행인·편집인: 홍준호 개인정보처리방침 청소년보호정책(책임자: 나민수) Copyright 조선일보 All rights reserved. 무단 전재 및 재배포 금지. 주소: 서울특별시 중구 세종대로21길 30, 4층(태평로1가) | 대표번호 02)724-5114 인터넷신문등록번호: 서울 아 01718 등록(발행)일자: 2011년 07월 26일 발행인·편집인: 홍준호 주소: 서울특별시 중구 세종대로21길 30, 4층(태평로1가) | 대표번호 02)724-5114 개인정보처리방침 청소년보호정책(책임자: 나민수) Copyright 조선일보 All rights reserved. 무단 전재 및 재배포 금지. Copyright 조선일보 All rights reserved. 무단 전재 및 재배포 금지. 회사소개 기자채용 고객센터 독자권익보호위원회 기사제보 뉴지엄 광고안내 콘텐츠구매 제휴문의 사이트맵 조선미디어 관계사 회사소개 기자채용 고객센터 독자권익보호위원회 기사제보 뉴지엄 광고안내 콘텐츠구매 제휴문의 사이트맵 개인정보처리방침 사이트맵 Copyright 조선일보 All rights reserved. 무단 전재 및 재배포 금지.",True,21990,165,89,comparison,easy,고용,heuristic
거주자 외화예금 넉달 만에 상승세로,2025-06-24,https://www.chosun.com/economy/economy_general/2025/06/24/E2YSGHMPLRH6DDVF26I5ZIV4OQ,"거주자 외화예금 넉달 만에 상승세로 유소연 기자 입력 2025.06.24. 00:35 업데이트 2025.06.24. 15:00 0 지난달 국내 거주자 외화예금이 넉 달 만에 증가 전환했다. 5월 미국 주식시장이 회복세를 나타내면서 증권사 중심으로 투자자 예탁금이 늘어난 영향이다. 거주자 외화예금은 내국인과 국내 기업, 국내에 진출해 있는 외국 기업 등의 국내 외화예금을 모두 합한 것이다. 23일 한국은행이 발표한 ‘5월 중 거주자 외화예금 동향’에 따르면, 지난달 말 외화예금 잔액은 1013억6000만달러로 4월 말보다 51억달러 늘었다. 거주자 외화예금은 지난 2월부터 석 달 연속 줄었지만 지난달 상승세로 돌아섰다. 통화별로는 거주자 외화예금 중 85%를 차지하는 미 달러화 예금이 전월 말보다 45억4000만달러 증가한 것으로 나타났다. 8.3% 정도를 차지하는 엔화 예금도 5억6000만달러 늘었다. 위안화 예금은 1억9000만달러 줄었다. 한은 관계자는 “증권사 투자자 예탁금이 늘면서 달러화 예금이 증가했다”며 “5월 미국 증시가 회복되며 투자자 관심이 늘어난 것으로 보인다”고 했다. 지난달 12일 미국과 중국 간에 상호 관세 부과 방침이 90일 유예되면서 투자 심리가 회복돼, 5월 한 달 동안 뉴욕 주식시장에서 S&P500 지수가 6.2% 상승했다. #해외증시 해외증시 더보기 '환테크' 수단 된 트래블카드… 재환전 수수료 따져봐야 미국발(發) 관세 전쟁과 국내 정국 불안 등으로 환율이 요동치고 있다. 달러 대비 원화 환율은 최근 1470원을 넘어 15년 만에 최고 수준에 ... 성장 둔화 우려 딛고… M7 주가, S&P500과 격차 벌려 지난해 미국 주식 상승세를 주도했던 애플, 엔비디아, 마이크로소프트, 테슬라, 아마존, 알파벳, 메타 등 ‘매그니피센트 7’(M7) 주가가 연초... 개인 투자자, 5월 美 주식 수익률 상승 전환 카카오페이증권이 자사 고객의 거래 현황을 분석한 결과, 지난달 미국 주식 평균 수익률이 6.9%를 기록했다고 10일 밝혔다. 이는 3월(-2.8... 유소연 기자 2013년부터 기자 생활을 시작해 경제부에서 가장 오래 일하고 있다. 국제경제 섹션인 ‘위클리비즈’팀과 재테크팀을 거쳐 현재 금융시장팀에서 한국은행 및 시중은행, 보험, 여신 업계 등을 취재하고 있다. 저서로 <합정과 망원 사이>, <차마 하지 못했던 말>이 있다. 구독수 151 Video Player is loading. Current Time 0:00 / Duration 1:37 Loaded : 32.97% 0:00 Stream Type LIVE Remaining Time - 1:37 1x Chapters descriptions off , selected subtitles settings , opens subtitles settings dialog subtitles off , selected Ladin , selected This is a modal window. Beginning of dialog window. Escape will cancel and close the window. Text Color White Black Red Green Blue Yellow Magenta Cyan Transparency Opaque Semi-Transparent Background Color Black White Red Green Blue Yellow Magenta Cyan Transparency Opaque Semi-Transparent Transparent Window Color Black White Red Green Blue Yellow Magenta Cyan Transparency Transparent Semi-Transparent Opaque Font Size 50% 75% 100% 125% 150% 175% 200% 300% 400% Text Edge Style None Raised Depressed Uniform Dropshadow Font Family Proportional Sans-Serif Monospace Sans-Serif Proportional Serif Monospace Serif Casual Script Small Caps End of dialog window. 100자평 도움말 삭제기준 AI 추천 오늘의 멤버십 서명리의 주역인문학 ‘왕이 될 사주’라더니… 그의 몰락과 역술인들의 비겁한 ‘말 바꿈’ 조선경제 볼레오 광산 1달러 매각... 산업부, 뒤늦은 책임 전가 AI 추천 오늘의 멤버십 서명리의 주역인문학 ‘왕이 될 사주’라더니… 그의 몰락과 역술인들의 비겁한 ‘말 바꿈’ 조선경제 볼레오 광산 1달러 매각... 산업부, 뒤늦은 책임 전가 AI 추천 오늘의 멤버십 서명리의 주역인문학 ‘왕이 될 사주’라더니… 그의 몰락과 역술인들의 비겁한 ‘말 바꿈’ 조선경제 볼레오 광산 1달러 매각... 산업부, 뒤늦은 책임 전가 By Taboola By Taboola 당신이 좋아할 만한 콘텐츠 AD '고혈당' 낮추는데 직빵인 차 한잔 혜원이아빠 돌아가기 AD 분석번호제공[곧 마감] 로또분석연구소 돌아가기 AD 고혈당 심각했던 환자.. '이것' 으로 혈당관리 성공 혜원이아빠 돌아가기 마마무 솔라, 몸매가 이 정도였어? 비키니 입고 볼륨 엉덩이 노출 돌아가기 장성규, 40대 들어 전한 서글픈 근황 ""흰 게 보이길래 설마 했는데…"" 돌아가기 이란에 침묵, 이스라엘에 각세우는 한국 외교… 자유·민주 진영 유일한 행보 돌아가기 조선경제 많이 본 뉴스 동학 개미 스승 박세익 ""코스피 주도주, 반도체에서 '이것'으로 바뀐다"" “파괴된 건물은 다시 지어야 합니다. 이미 들어간 비용은 매몰 비용이고, 재건을 위해 경제가 돌아가는 거죠. 이란이 중동의 정유·화학 ... 5만대 판매 넘었다, 배우 이미숙이 숙면을 위해 쓰기 시작한 것 조선몰은 국내 제조·유통기업의 판로를 돕고, 독자 혜택을 위해 정산·교환·반품·AS 걱정이 없는 우수 제품을 단독 최저가로 소개합니다.... 5만대 판매 넘었다, 배우 이미숙이 숙면을 위해 쓰기 시작한 것 조선몰은 국내 제조·유통기업의 판로를 돕고, 독자 혜택을 위해 정산·교환·반품·AS 걱정이 없는 우수 제품을 단독 최저가로 소개합니다.... By Taboola By Taboola 지금 뜨는 콘텐츠 AD 2026년 한국 보청기 관련 꼭 알아야 할 인사이트 LocalPlan 돌아가기 AD 남재현박사, 중년 똥뱃살.. 굶지 말고 몸속 [이것]부터 콸콸 녹여라 남재현 체지방 다이어트 돌아가기 AD 인터넷 변경시 무조건 현금 지급 [최대170만원] 인터넷가입 돌아가기 성유리, 옥바라지 끝내고 벚꽃 데이트 즐겼다..깜짝 놀랄 상대 돌아가기 남편 ""친구 아내 옛날부터 좋아해..그 친구 죽고 나서 사랑고백"" 경악(결혼지옥) 돌아가기 소녀시대 다 독립했는데…효연, 19년째 숙소 사는 이유는? 돌아가기 오늘의 멤버십 홍정기 리듬으로 통증리셋 고관절 푸니 무릎도 가뿐… 앉아서 하는 하체 회복운동 김기철의 공미남 맑고 파워풀한 고음… 뮌헨 흔든 ‘소문의 테너’ 백석종 강화송의 스테이리스트 객실 문 앞엔 얼룩말, 난간 위엔 원숭이… 빅토리아 폭포를 품은 리조트 오늘의 멤버십 홍정기 리듬으로 통증리셋 고관절 푸니 무릎도 가뿐… 앉아서 하는 하체 회복운동 김기철의 공미남 맑고 파워풀한 고음… 뮌헨 흔든 ‘소문의 테너’ 백석종 강화송의 스테이리스트 객실 문 앞엔 얼룩말, 난간 위엔 원숭이… 빅토리아 폭포를 품은 리조트 배종찬의 정치&데이터 배우는 영화판에, 기술 전문가는 AI판에… 하정우 수석이 있어야 할 곳 오늘의 멤버십 1 / 2 홍정기 리듬으로 통증리셋 고관절 푸니 무릎도 가뿐… 앉아서 하는 하체 회복운동 김기철의 공미남 맑고 파워풀한 고음… 뮌헨 흔든 ‘소문의 테너’ 백석종 강화송의 스테이리스트 객실 문 앞엔 얼룩말, 난간 위엔 원숭이… 빅토리아 폭포를 품은 리조트 배종찬의 정치&데이터 배우는 영화판에, 기술 전문가는 AI판에… 하정우 수석이 있어야 할 곳 많이 본 뉴스 1 황교익·서승만 등 '코드 인사'에… 문화예술계 ""우리가 깍두기냐"" 2 美 주방위군 출신 아빠가 자녀 7명을 총으로... 3 [오늘의 운세] 4월 21일 화요일 (음력 3월 5일 乙丑) 4 트럼프 ""美협상단 곧 도착... 오늘 이란과 합의 이뤄질 것"" 5 지수, 친오빠 물의에 선긋기… ""금전·법률적 관계 없다"" 6 트럼프 '다음 타깃' 지목된 쿠바…'소달구지' 대공포 훈련 실시 7 美, 호르무즈 기뢰 제거 총력... 해상 드론 이어 돌고래 투입? 8 李 ""구성 핵시설 이미 알려져… 정동영 기밀 누설 주장은 잘못"" 9 '미성년자 성폭행' 왕기춘, 6년 복역 마치고 곧 출소 10 동학 개미 스승 박세익 ""코스피 주도주, 반도체에서 '이것'으로 바뀐다"" 6 트럼프 '다음 타깃' 지목된 쿠바…'소달구지' 대공포 훈련 실시 7 美, 호르무즈 기뢰 제거 총력... 해상 드론 이어 돌고래 투입? 8 李 ""구성 핵시설 이미 알려져… 정동영 기밀 누설 주장은 잘못"" 9 '미성년자 성폭행' 왕기춘, 6년 복역 마치고 곧 출소 10 동학 개미 스승 박세익 ""코스피 주도주, 반도체에서 '이것'으로 바뀐다"" 조선경제 경제 일반 거주자 외화예금 넉달 만에 상승세로 유소연 기자 입력 2025.06.24. 00:35 업데이트 2025.06.24. 15:00 입력 2025.06.24. 00:35 업데이트 2025.06.24. 15:00 지난달 국내 거주자 외화예금이 넉 달 만에 증가 전환했다. 5월 미국 주식시장이 회복세를 나타내면서 증권사 중심으로 투자자 예탁금이 늘어난 영향이다. 거주자 외화예금은 내국인과 국내 기업, 국내에 진출해 있는 외국 기업 등의 국내 외화예금을 모두 합한 것이다. 23일 한국은행이 발표한 ‘5월 중 거주자 외화예금 동향’에 따르면, 지난달 말 외화예금 잔액은 1013억6000만달러로 4월 말보다 51억달러 늘었다. 거주자 외화예금은 지난 2월부터 석 달 연속 줄었지만 지난달 상승세로 돌아섰다. 통화별로는 거주자 외화예금 중 85%를 차지하는 미 달러화 예금이 전월 말보다 45억4000만달러 증가한 것으로 나타났다. 8.3% 정도를 차지하는 엔화 예금도 5억6000만달러 늘었다. 위안화 예금은 1억9000만달러 줄었다. 한은 관계자는 “증권사 투자자 예탁금이 늘면서 달러화 예금이 증가했다”며 “5월 미국 증시가 회복되며 투자자 관심이 늘어난 것으로 보인다”고 했다. 지난달 12일 미국과 중국 간에 상호 관세 부과 방침이 90일 유예되면서 투자 심리가 회복돼, 5월 한 달 동안 뉴욕 주식시장에서 S&P500 지수가 6.2% 상승했다. 해외증시 더보기 '환테크' 수단 된 트래블카드… 재환전 수수료 따져봐야 미국발(發) 관세 전쟁과 국내 정국 불안 등으로 환율이 요동치고 있다. 달러 대비 원화 환율은 최근 1470원을 넘어 15년 만에 최고 수준에 ... 성장 둔화 우려 딛고… M7 주가, S&P500과 격차 벌려 지난해 미국 주식 상승세를 주도했던 애플, 엔비디아, 마이크로소프트, 테슬라, 아마존, 알파벳, 메타 등 ‘매그니피센트 7’(M7) 주가가 연초... 개인 투자자, 5월 美 주식 수익률 상승 전환 카카오페이증권이 자사 고객의 거래 현황을 분석한 결과, 지난달 미국 주식 평균 수익률이 6.9%를 기록했다고 10일 밝혔다. 이는 3월(-2.8... '환테크' 수단 된 트래블카드… 재환전 수수료 따져봐야 미국발(發) 관세 전쟁과 국내 정국 불안 등으로 환율이 요동치고 있다. 달러 대비 원화 환율은 최근 1470원을 넘어 15년 만에 최고 수준에 ... 성장 둔화 우려 딛고… M7 주가, S&P500과 격차 벌려 지난해 미국 주식 상승세를 주도했던 애플, 엔비디아, 마이크로소프트, 테슬라, 아마존, 알파벳, 메타 등 ‘매그니피센트 7’(M7) 주가가 연초... 개인 투자자, 5월 美 주식 수익률 상승 전환 카카오페이증권이 자사 고객의 거래 현황을 분석한 결과, 지난달 미국 주식 평균 수익률이 6.9%를 기록했다고 10일 밝혔다. 이는 3월(-2.8... '환테크' 수단 된 트래블카드… 재환전 수수료 따져봐야 미국발(發) 관세 전쟁과 국내 정국 불안 등으로 환율이 요동치고 있다. 달러 대비 원화 환율은 최근 1470원을 넘어 15년 만에 최고 수준에 ... '환테크' 수단 된 트래블카드… 재환전 수수료 따져봐야 미국발(發) 관세 전쟁과 국내 정국 불안 등으로 환율이 요동치고 있다. 달러 대비 원화 환율은 최근 1470원을 넘어 15년 만에 최고 수준에 ... 성장 둔화 우려 딛고… M7 주가, S&P500과 격차 벌려 지난해 미국 주식 상승세를 주도했던 애플, 엔비디아, 마이크로소프트, 테슬라, 아마존, 알파벳, 메타 등 ‘매그니피센트 7’(M7) 주가가 연초... 성장 둔화 우려 딛고… M7 주가, S&P500과 격차 벌려 지난해 미국 주식 상승세를 주도했던 애플, 엔비디아, 마이크로소프트, 테슬라, 아마존, 알파벳, 메타 등 ‘매그니피센트 7’(M7) 주가가 연초... 개인 투자자, 5월 美 주식 수익률 상승 전환 카카오페이증권이 자사 고객의 거래 현황을 분석한 결과, 지난달 미국 주식 평균 수익률이 6.9%를 기록했다고 10일 밝혔다. 이는 3월(-2.8... 개인 투자자, 5월 美 주식 수익률 상승 전환 카카오페이증권이 자사 고객의 거래 현황을 분석한 결과, 지난달 미국 주식 평균 수익률이 6.9%를 기록했다고 10일 밝혔다. 이는 3월(-2.8... 유소연 기자 2013년부터 기자 생활을 시작해 경제부에서 가장 오래 일하고 있다. 국제경제 섹션인 ‘위클리비즈’팀과 재테크팀을 거쳐 현재 금융시장팀에서 한국은행 및 시중은행, 보험, 여신 업계 등을 취재하고 있다. 저서로 <합정과 망원 사이>, <차마 하지 못했던 말>이 있다. 구독수 151 유소연 기자 2013년부터 기자 생활을 시작해 경제부에서 가장 오래 일하고 있다. 국제경제 섹션인 ‘위클리비즈’팀과 재테크팀을 거쳐 현재 금융시장팀에서 한국은행 및 시중은행, 보험, 여신 업계 등을 취재하고 있다. 저서로 <합정과 망원 사이>, <차마 하지 못했던 말>이 있다. 2013년부터 기자 생활을 시작해 경제부에서 가장 오래 일하고 있다. 국제경제 섹션인 ‘위클리비즈’팀과 재테크팀을 거쳐 현재 금융시장팀에서 한국은행 및 시중은행, 보험, 여신 업계 등을 취재하고 있다. 저서로 <합정과 망원 사이>, <차마 하지 못했던 말>이 있다. Video Player is loading. Current Time 0:00 / Duration 1:37 Loaded : 32.97% 0:00 Stream Type LIVE Remaining Time - 1:37 1x Chapters descriptions off , selected subtitles settings , opens subtitles settings dialog subtitles off , selected Ladin , selected This is a modal window. Beginning of dialog window. Escape will cancel and close the window. Text Color White Black Red Green Blue Yellow Magenta Cyan Transparency Opaque Semi-Transparent Background Color Black White Red Green Blue Yellow Magenta Cyan Transparency Opaque Semi-Transparent Transparent Window Color Black White Red Green Blue Yellow Magenta Cyan Transparency Transparent Semi-Transparent Opaque Font Size 50% 75% 100% 125% 150% 175% 200% 300% 400% Text Edge Style None Raised Depressed Uniform Dropshadow Font Family Proportional Sans-Serif Monospace Sans-Serif Proportional Serif Monospace Serif Casual Script Small Caps End of dialog window. Current Time 0:00 / Duration 1:37 Loaded : 32.97% 0:00 Stream Type LIVE Remaining Time - 1:37 1x Chapters descriptions off , selected subtitles settings , opens subtitles settings dialog subtitles off , selected Ladin , selected descriptions off , selected subtitles settings , opens subtitles settings dialog subtitles off , selected , opens subtitles settings dialog Beginning of dialog window. Escape will cancel and close the window. Text Color White Black Red Green Blue Yellow Magenta Cyan Transparency Opaque Semi-Transparent Background Color Black White Red Green Blue Yellow Magenta Cyan Transparency Opaque Semi-Transparent Transparent Window Color Black White Red Green Blue Yellow Magenta Cyan Transparency Transparent Semi-Transparent Opaque Font Size 50% 75% 100% 125% 150% 175% 200% 300% 400% Text Edge Style None Raised Depressed Uniform Dropshadow Font Family Proportional Sans-Serif Monospace Sans-Serif Proportional Serif Monospace Serif Casual Script Small Caps End of dialog window. Beginning of dialog window. Escape will cancel and close the window. Text Color White Black Red Green Blue Yellow Magenta Cyan Transparency Opaque Semi-Transparent Background Color Black White Red Green Blue Yellow Magenta Cyan Transparency Opaque Semi-Transparent Transparent Window Color Black White Red Green Blue Yellow Magenta Cyan Transparency Transparent Semi-Transparent Opaque Font Size 50% 75% 100% 125% 150% 175% 200% 300% 400% Text Edge Style None Raised Depressed Uniform Dropshadow Font Family Proportional Sans-Serif Monospace Sans-Serif Proportional Serif Monospace Serif Casual Script Small Caps Text Color White Black Red Green Blue Yellow Magenta Cyan Transparency Opaque Semi-Transparent Background Color Black White Red Green Blue Yellow Magenta Cyan Transparency Opaque Semi-Transparent Transparent Window Color Black White Red Green Blue Yellow Magenta Cyan Transparency Transparent Semi-Transparent Opaque Transparency Opaque Semi-Transparent Transparency Opaque Semi-Transparent Transparent Transparency Transparent Semi-Transparent Opaque Font Size 50% 75% 100% 125% 150% 175% 200% 300% 400% Text Edge Style None Raised Depressed Uniform Dropshadow Font Family Proportional Sans-Serif Monospace Sans-Serif Proportional Serif Monospace Serif Casual Script Small Caps AI 추천 오늘의 멤버십 서명리의 주역인문학 ‘왕이 될 사주’라더니… 그의 몰락과 역술인들의 비겁한 ‘말 바꿈’ 조선경제 볼레오 광산 1달러 매각... 산업부, 뒤늦은 책임 전가 AI 추천 오늘의 멤버십 서명리의 주역인문학 ‘왕이 될 사주’라더니… 그의 몰락과 역술인들의 비겁한 ‘말 바꿈’ 조선경제 볼레오 광산 1달러 매각... 산업부, 뒤늦은 책임 전가 AI 추천 오늘의 멤버십 서명리의 주역인문학 ‘왕이 될 사주’라더니… 그의 몰락과 역술인들의 비겁한 ‘말 바꿈’ 조선경제 볼레오 광산 1달러 매각... 산업부, 뒤늦은 책임 전가 AI 추천 오늘의 멤버십 서명리의 주역인문학 ‘왕이 될 사주’라더니… 그의 몰락과 역술인들의 비겁한 ‘말 바꿈’ 조선경제 볼레오 광산 1달러 매각... 산업부, 뒤늦은 책임 전가 서명리의 주역인문학 ‘왕이 될 사주’라더니… 그의 몰락과 역술인들의 비겁한 ‘말 바꿈’ ‘왕이 될 사주’라더니… 그의 몰락과 역술인들의 비겁한 ‘말 바꿈’ 조선경제 볼레오 광산 1달러 매각... 산업부, 뒤늦은 책임 전가 볼레오 광산 1달러 매각... 산업부, 뒤늦은 책임 전가 서명리의 주역인문학 ‘왕이 될 사주’라더니… 그의 몰락과 역술인들의 비겁한 ‘말 바꿈’ 조선경제 볼레오 광산 1달러 매각... 산업부, 뒤늦은 책임 전가 By Taboola By Taboola 당신이 좋아할 만한 콘텐츠 AD '고혈당' 낮추는데 직빵인 차 한잔 혜원이아빠 돌아가기 AD 분석번호제공[곧 마감] 로또분석연구소 돌아가기 AD 고혈당 심각했던 환자.. '이것' 으로 혈당관리 성공 혜원이아빠 돌아가기 마마무 솔라, 몸매가 이 정도였어? 비키니 입고 볼륨 엉덩이 노출 돌아가기 장성규, 40대 들어 전한 서글픈 근황 ""흰 게 보이길래 설마 했는데…"" 돌아가기 이란에 침묵, 이스라엘에 각세우는 한국 외교… 자유·민주 진영 유일한 행보 돌아가기 By Taboola By Taboola 당신이 좋아할 만한 콘텐츠 AD '고혈당' 낮추는데 직빵인 차 한잔 혜원이아빠 돌아가기 AD 분석번호제공[곧 마감] 로또분석연구소 돌아가기 AD 고혈당 심각했던 환자.. '이것' 으로 혈당관리 성공 혜원이아빠 돌아가기 마마무 솔라, 몸매가 이 정도였어? 비키니 입고 볼륨 엉덩이 노출 돌아가기 장성규, 40대 들어 전한 서글픈 근황 ""흰 게 보이길래 설마 했는데…"" 돌아가기 이란에 침묵, 이스라엘에 각세우는 한국 외교… 자유·민주 진영 유일한 행보 돌아가기 AD '고혈당' 낮추는데 직빵인 차 한잔 혜원이아빠 돌아가기 '고혈당' 낮추는데 직빵인 차 한잔 혜원이아빠 AD 분석번호제공[곧 마감] 로또분석연구소 돌아가기 AD 고혈당 심각했던 환자.. '이것' 으로 혈당관리 성공 혜원이아빠 돌아가기 고혈당 심각했던 환자.. '이것' 으로 혈당관리 성공 혜원이아빠 고혈당 심각했던 환자.. '이것' 으로 혈당관리 성공 마마무 솔라, 몸매가 이 정도였어? 비키니 입고 볼륨 엉덩이 노출 돌아가기 마마무 솔라, 몸매가 이 정도였어? 비키니 입고 볼륨 엉덩이 노출 장성규, 40대 들어 전한 서글픈 근황 ""흰 게 보이길래 설마 했는데…"" 돌아가기 장성규, 40대 들어 전한 서글픈 근황 ""흰 게 보이길래 설마 했는데…"" 이란에 침묵, 이스라엘에 각세우는 한국 외교… 자유·민주 진영 유일한 행보 돌아가기 이란에 침묵, 이스라엘에 각세우는 한국 외교… 자유·민주 진영 유일한 행보 조선경제 많이 본 뉴스 동학 개미 스승 박세익 ""코스피 주도주, 반도체에서 '이것'으로 바뀐다"" “파괴된 건물은 다시 지어야 합니다. 이미 들어간 비용은 매몰 비용이고, 재건을 위해 경제가 돌아가는 거죠. 이란이 중동의 정유·화학 ... 5만대 판매 넘었다, 배우 이미숙이 숙면을 위해 쓰기 시작한 것 조선몰은 국내 제조·유통기업의 판로를 돕고, 독자 혜택을 위해 정산·교환·반품·AS 걱정이 없는 우수 제품을 단독 최저가로 소개합니다.... 5만대 판매 넘었다, 배우 이미숙이 숙면을 위해 쓰기 시작한 것 조선몰은 국내 제조·유통기업의 판로를 돕고, 독자 혜택을 위해 정산·교환·반품·AS 걱정이 없는 우수 제품을 단독 최저가로 소개합니다.... 동학 개미 스승 박세익 ""코스피 주도주, 반도체에서 '이것'으로 바뀐다"" “파괴된 건물은 다시 지어야 합니다. 이미 들어간 비용은 매몰 비용이고, 재건을 위해 경제가 돌아가는 거죠. 이란이 중동의 정유·화학 ... 5만대 판매 넘었다, 배우 이미숙이 숙면을 위해 쓰기 시작한 것 조선몰은 국내 제조·유통기업의 판로를 돕고, 독자 혜택을 위해 정산·교환·반품·AS 걱정이 없는 우수 제품을 단독 최저가로 소개합니다.... 5만대 판매 넘었다, 배우 이미숙이 숙면을 위해 쓰기 시작한 것 조선몰은 국내 제조·유통기업의 판로를 돕고, 독자 혜택을 위해 정산·교환·반품·AS 걱정이 없는 우수 제품을 단독 최저가로 소개합니다.... 동학 개미 스승 박세익 ""코스피 주도주, 반도체에서 '이것'으로 바뀐다"" “파괴된 건물은 다시 지어야 합니다. 이미 들어간 비용은 매몰 비용이고, 재건을 위해 경제가 돌아가는 거죠. 이란이 중동의 정유·화학 ... 5만대 판매 넘었다, 배우 이미숙이 숙면을 위해 쓰기 시작한 것 조선몰은 국내 제조·유통기업의 판로를 돕고, 독자 혜택을 위해 정산·교환·반품·AS 걱정이 없는 우수 제품을 단독 최저가로 소개합니다.... 동학 개미 스승 박세익 ""코스피 주도주, 반도체에서 '이것'으로 바뀐다"" “파괴된 건물은 다시 지어야 합니다. 이미 들어간 비용은 매몰 비용이고, 재건을 위해 경제가 돌아가는 거죠. 이란이 중동의 정유·화학 ... 동학 개미 스승 박세익 ""코스피 주도주, 반도체에서 '이것'으로 바뀐다"" “파괴된 건물은 다시 지어야 합니다. 이미 들어간 비용은 매몰 비용이고, 재건을 위해 경제가 돌아가는 거죠. 이란이 중동의 정유·화학 ... 5만대 판매 넘었다, 배우 이미숙이 숙면을 위해 쓰기 시작한 것 조선몰은 국내 제조·유통기업의 판로를 돕고, 독자 혜택을 위해 정산·교환·반품·AS 걱정이 없는 우수 제품을 단독 최저가로 소개합니다.... 5만대 판매 넘었다, 배우 이미숙이 숙면을 위해 쓰기 시작한 것 조선몰은 국내 제조·유통기업의 판로를 돕고, 독자 혜택을 위해 정산·교환·반품·AS 걱정이 없는 우수 제품을 단독 최저가로 소개합니다.... By Taboola By Taboola 지금 뜨는 콘텐츠 AD 2026년 한국 보청기 관련 꼭 알아야 할 인사이트 LocalPlan 돌아가기 AD 남재현박사, 중년 똥뱃살.. 굶지 말고 몸속 [이것]부터 콸콸 녹여라 남재현 체지방 다이어트 돌아가기 AD 인터넷 변경시 무조건 현금 지급 [최대170만원] 인터넷가입 돌아가기 성유리, 옥바라지 끝내고 벚꽃 데이트 즐겼다..깜짝 놀랄 상대 돌아가기 남편 ""친구 아내 옛날부터 좋아해..그 친구 죽고 나서 사랑고백"" 경악(결혼지옥) 돌아가기 소녀시대 다 독립했는데…효연, 19년째 숙소 사는 이유는? 돌아가기 By Taboola By Taboola 지금 뜨는 콘텐츠 AD 2026년 한국 보청기 관련 꼭 알아야 할 인사이트 LocalPlan 돌아가기 AD 남재현박사, 중년 똥뱃살.. 굶지 말고 몸속 [이것]부터 콸콸 녹여라 남재현 체지방 다이어트 돌아가기 AD 인터넷 변경시 무조건 현금 지급 [최대170만원] 인터넷가입 돌아가기 성유리, 옥바라지 끝내고 벚꽃 데이트 즐겼다..깜짝 놀랄 상대 돌아가기 남편 ""친구 아내 옛날부터 좋아해..그 친구 죽고 나서 사랑고백"" 경악(결혼지옥) 돌아가기 소녀시대 다 독립했는데…효연, 19년째 숙소 사는 이유는? 돌아가기 AD 2026년 한국 보청기 관련 꼭 알아야 할 인사이트 LocalPlan 돌아가기 2026년 한국 보청기 관련 꼭 알아야 할 인사이트 LocalPlan 2026년 한국 보청기 관련 꼭 알아야 할 인사이트 AD 남재현박사, 중년 똥뱃살.. 굶지 말고 몸속 [이것]부터 콸콸 녹여라 남재현 체지방 다이어트 돌아가기 남재현박사, 중년 똥뱃살.. 굶지 말고 몸속 [이것]부터 콸콸 녹여라 남재현 체지방 다이어트 남재현박사, 중년 똥뱃살.. 굶지 말고 몸속 [이것]부터 콸콸 녹여라 AD 인터넷 변경시 무조건 현금 지급 [최대170만원] 인터넷가입 돌아가기 인터넷 변경시 무조건 현금 지급 [최대170만원] 인터넷가입 인터넷 변경시 무조건 현금 지급 [최대170만원] 성유리, 옥바라지 끝내고 벚꽃 데이트 즐겼다..깜짝 놀랄 상대 돌아가기 성유리, 옥바라지 끝내고 벚꽃 데이트 즐겼다..깜짝 놀랄 상대 남편 ""친구 아내 옛날부터 좋아해..그 친구 죽고 나서 사랑고백"" 경악(결혼지옥) 돌아가기 남편 ""친구 아내 옛날부터 좋아해..그 친구 죽고 나서 사랑고백"" 경악(결혼지옥) 소녀시대 다 독립했는데…효연, 19년째 숙소 사는 이유는? 돌아가기 소녀시대 다 독립했는데…효연, 19년째 숙소 사는 이유는? 오늘의 멤버십 홍정기 리듬으로 통증리셋 고관절 푸니 무릎도 가뿐… 앉아서 하는 하체 회복운동 김기철의 공미남 맑고 파워풀한 고음… 뮌헨 흔든 ‘소문의 테너’ 백석종 강화송의 스테이리스트 객실 문 앞엔 얼룩말, 난간 위엔 원숭이… 빅토리아 폭포를 품은 리조트 오늘의 멤버십 홍정기 리듬으로 통증리셋 고관절 푸니 무릎도 가뿐… 앉아서 하는 하체 회복운동 김기철의 공미남 맑고 파워풀한 고음… 뮌헨 흔든 ‘소문의 테너’ 백석종 강화송의 스테이리스트 객실 문 앞엔 얼룩말, 난간 위엔 원숭이… 빅토리아 폭포를 품은 리조트 배종찬의 정치&데이터 배우는 영화판에, 기술 전문가는 AI판에… 하정우 수석이 있어야 할 곳 오늘의 멤버십 1 / 2 홍정기 리듬으로 통증리셋 고관절 푸니 무릎도 가뿐… 앉아서 하는 하체 회복운동 김기철의 공미남 맑고 파워풀한 고음… 뮌헨 흔든 ‘소문의 테너’ 백석종 강화송의 스테이리스트 객실 문 앞엔 얼룩말, 난간 위엔 원숭이… 빅토리아 폭포를 품은 리조트 배종찬의 정치&데이터 배우는 영화판에, 기술 전문가는 AI판에… 하정우 수석이 있어야 할 곳 홍정기 리듬으로 통증리셋 고관절 푸니 무릎도 가뿐… 앉아서 하는 하체 회복운동 고관절 푸니 무릎도 가뿐… 앉아서 하는 하체 회복운동 김기철의 공미남 맑고 파워풀한 고음… 뮌헨 흔든 ‘소문의 테너’ 백석종 맑고 파워풀한 고음… 뮌헨 흔든 ‘소문의 테너’ 백석종 강화송의 스테이리스트 객실 문 앞엔 얼룩말, 난간 위엔 원숭이… 빅토리아 폭포를 품은 리조트 객실 문 앞엔 얼룩말, 난간 위엔 원숭이… 빅토리아 폭포를 품은 리조트 홍정기 리듬으로 통증리셋 고관절 푸니 무릎도 가뿐… 앉아서 하는 하체 회복운동 김기철의 공미남 맑고 파워풀한 고음… 뮌헨 흔든 ‘소문의 테너’ 백석종 강화송의 스테이리스트 객실 문 앞엔 얼룩말, 난간 위엔 원숭이… 빅토리아 폭포를 품은 리조트 배종찬의 정치&데이터 배우는 영화판에, 기술 전문가는 AI판에… 하정우 수석이 있어야 할 곳 배종찬의 정치&데이터 배우는 영화판에, 기술 전문가는 AI판에… 하정우 수석이 있어야 할 곳 배우는 영화판에, 기술 전문가는 AI판에… 하정우 수석이 있어야 할 곳 오늘의 멤버십 1 / 2 홍정기 리듬으로 통증리셋 고관절 푸니 무릎도 가뿐… 앉아서 하는 하체 회복운동 김기철의 공미남 맑고 파워풀한 고음… 뮌헨 흔든 ‘소문의 테너’ 백석종 강화송의 스테이리스트 객실 문 앞엔 얼룩말, 난간 위엔 원숭이… 빅토리아 폭포를 품은 리조트 배종찬의 정치&데이터 배우는 영화판에, 기술 전문가는 AI판에… 하정우 수석이 있어야 할 곳 홍정기 리듬으로 통증리셋 고관절 푸니 무릎도 가뿐… 앉아서 하는 하체 회복운동 김기철의 공미남 맑고 파워풀한 고음… 뮌헨 흔든 ‘소문의 테너’ 백석종 강화송의 스테이리스트 객실 문 앞엔 얼룩말, 난간 위엔 원숭이… 빅토리아 폭포를 품은 리조트 배종찬의 정치&데이터 배우는 영화판에, 기술 전문가는 AI판에… 하정우 수석이 있어야 할 곳 많이 본 뉴스 1 황교익·서승만 등 '코드 인사'에… 문화예술계 ""우리가 깍두기냐"" 2 美 주방위군 출신 아빠가 자녀 7명을 총으로... 3 [오늘의 운세] 4월 21일 화요일 (음력 3월 5일 乙丑) 4 트럼프 ""美협상단 곧 도착... 오늘 이란과 합의 이뤄질 것"" 5 지수, 친오빠 물의에 선긋기… ""금전·법률적 관계 없다"" 6 트럼프 '다음 타깃' 지목된 쿠바…'소달구지' 대공포 훈련 실시 7 美, 호르무즈 기뢰 제거 총력... 해상 드론 이어 돌고래 투입? 8 李 ""구성 핵시설 이미 알려져… 정동영 기밀 누설 주장은 잘못"" 9 '미성년자 성폭행' 왕기춘, 6년 복역 마치고 곧 출소 10 동학 개미 스승 박세익 ""코스피 주도주, 반도체에서 '이것'으로 바뀐다"" 6 트럼프 '다음 타깃' 지목된 쿠바…'소달구지' 대공포 훈련 실시 7 美, 호르무즈 기뢰 제거 총력... 해상 드론 이어 돌고래 투입? 8 李 ""구성 핵시설 이미 알려져… 정동영 기밀 누설 주장은 잘못"" 9 '미성년자 성폭행' 왕기춘, 6년 복역 마치고 곧 출소 10 동학 개미 스승 박세익 ""코스피 주도주, 반도체에서 '이것'으로 바뀐다"" 1 황교익·서승만 등 '코드 인사'에… 문화예술계 ""우리가 깍두기냐"" 2 美 주방위군 출신 아빠가 자녀 7명을 총으로... 3 [오늘의 운세] 4월 21일 화요일 (음력 3월 5일 乙丑) 4 트럼프 ""美협상단 곧 도착... 오늘 이란과 합의 이뤄질 것"" 5 지수, 친오빠 물의에 선긋기… ""금전·법률적 관계 없다"" 6 트럼프 '다음 타깃' 지목된 쿠바…'소달구지' 대공포 훈련 실시 7 美, 호르무즈 기뢰 제거 총력... 해상 드론 이어 돌고래 투입? 8 李 ""구성 핵시설 이미 알려져… 정동영 기밀 누설 주장은 잘못"" 9 '미성년자 성폭행' 왕기춘, 6년 복역 마치고 곧 출소 10 동학 개미 스승 박세익 ""코스피 주도주, 반도체에서 '이것'으로 바뀐다"" 6 트럼프 '다음 타깃' 지목된 쿠바…'소달구지' 대공포 훈련 실시 7 美, 호르무즈 기뢰 제거 총력... 해상 드론 이어 돌고래 투입? 8 李 ""구성 핵시설 이미 알려져… 정동영 기밀 누설 주장은 잘못"" 9 '미성년자 성폭행' 왕기춘, 6년 복역 마치고 곧 출소 10 동학 개미 스승 박세익 ""코스피 주도주, 반도체에서 '이것'으로 바뀐다"" 1 황교익·서승만 등 '코드 인사'에… 문화예술계 ""우리가 깍두기냐"" 2 美 주방위군 출신 아빠가 자녀 7명을 총으로... 3 [오늘의 운세] 4월 21일 화요일 (음력 3월 5일 乙丑) 4 트럼프 ""美협상단 곧 도착... 오늘 이란과 합의 이뤄질 것"" 5 지수, 친오빠 물의에 선긋기… ""금전·법률적 관계 없다"" 6 트럼프 '다음 타깃' 지목된 쿠바…'소달구지' 대공포 훈련 실시 7 美, 호르무즈 기뢰 제거 총력... 해상 드론 이어 돌고래 투입? 8 李 ""구성 핵시설 이미 알려져… 정동영 기밀 누설 주장은 잘못"" 9 '미성년자 성폭행' 왕기춘, 6년 복역 마치고 곧 출소 10 동학 개미 스승 박세익 ""코스피 주도주, 반도체에서 '이것'으로 바뀐다"" 1 황교익·서승만 등 '코드 인사'에… 문화예술계 ""우리가 깍두기냐"" 황교익·서승만 등 '코드 인사'에… 문화예술계 ""우리가 깍두기냐"" 2 美 주방위군 출신 아빠가 자녀 7명을 총으로... 美 주방위군 출신 아빠가 자녀 7명을 총으로... 3 [오늘의 운세] 4월 21일 화요일 (음력 3월 5일 乙丑) [오늘의 운세] 4월 21일 화요일 (음력 3월 5일 乙丑) 4 트럼프 ""美협상단 곧 도착... 오늘 이란과 합의 이뤄질 것"" 트럼프 ""美협상단 곧 도착... 오늘 이란과 합의 이뤄질 것"" 5 지수, 친오빠 물의에 선긋기… ""금전·법률적 관계 없다"" 지수, 친오빠 물의에 선긋기… ""금전·법률적 관계 없다"" 6 트럼프 '다음 타깃' 지목된 쿠바…'소달구지' 대공포 훈련 실시 트럼프 '다음 타깃' 지목된 쿠바…'소달구지' 대공포 훈련 실시 7 美, 호르무즈 기뢰 제거 총력... 해상 드론 이어 돌고래 투입? 美, 호르무즈 기뢰 제거 총력... 해상 드론 이어 돌고래 투입? 8 李 ""구성 핵시설 이미 알려져… 정동영 기밀 누설 주장은 잘못"" 李 ""구성 핵시설 이미 알려져… 정동영 기밀 누설 주장은 잘못"" 9 '미성년자 성폭행' 왕기춘, 6년 복역 마치고 곧 출소 '미성년자 성폭행' 왕기춘, 6년 복역 마치고 곧 출소 10 동학 개미 스승 박세익 ""코스피 주도주, 반도체에서 '이것'으로 바뀐다"" 6 트럼프 '다음 타깃' 지목된 쿠바…'소달구지' 대공포 훈련 실시 7 美, 호르무즈 기뢰 제거 총력... 해상 드론 이어 돌고래 투입? 8 李 ""구성 핵시설 이미 알려져… 정동영 기밀 누설 주장은 잘못"" 9 '미성년자 성폭행' 왕기춘, 6년 복역 마치고 곧 출소 10 동학 개미 스승 박세익 ""코스피 주도주, 반도체에서 '이것'으로 바뀐다"" 오피니언 사설 칼럼 朝鮮칼럼 The Column 태평로 동서남북 경제포커스 만물상 에스프레소 데스크에서 기자의 시각 특파원 칼럼 기자수첩 팔면봉 ESSAY 전문가 칼럼 정치 정치 일반 청와대 국회·정당 북한 외교·국방 행정 국제 국제 일반 미국 중국 | 일본 아시아 유럽 중동·아프리카·중남미 해외토픽 사회 사회 일반 사건사고 법조 교육 노동 교통·환경 복지·의료 취업 피플 부음·인사 아무튼, 주말 전국 조선경제 WEEKLY BIZ 테크 과학 산업·재계 자동차 부동산 생활경제 중기·벤처 스타트업 취중잡담 경제 일반 머니 증권·금융 국제경제 재테크 스포츠 스포츠 일반 야구 해외야구 축구 해외축구 농구 배구 골프 스포츠포토 건강 조선몰 문화·연예 연예 일반 스타 | 방송 영화 소식 | 음악 연예 포토 문화 일반 책 | 영화 음악 | 공연 미술·전시 종교·학술 방송·미디어 건축·디자인 패션·뷰티 여행 | 음식·맛집 리빙 조선리더스 조선일보 구독신청 초판서비스 신문은 선생님 오늘의 운세 DB조선 지면 PDF보기 인물검색 사진검색 뉴스 라이브러리 뉴스Q 뉴스레터 오피니언 정치 국제 사회 조선경제 스포츠 건강 문화· 연예 조선 리더스 조선몰 조선일보 공식 SNS 페이스북 트위터 유튜브 인스타그램 오피니언 사설 칼럼 朝鮮칼럼 The Column 태평로 동서남북 경제포커스 만물상 에스프레소 데스크에서 기자의 시각 특파원 칼럼 기자수첩 팔면봉 ESSAY 전문가 칼럼 정치 정치 일반 청와대 국회·정당 북한 외교·국방 행정 국제 국제 일반 미국 중국 | 일본 아시아 유럽 중동·아프리카·중남미 해외토픽 사회 사회 일반 사건사고 법조 교육 노동 교통·환경 복지·의료 취업 피플 부음·인사 아무튼, 주말 전국 조선경제 WEEKLY BIZ 테크 과학 산업·재계 자동차 부동산 생활경제 중기·벤처 스타트업 취중잡담 경제 일반 머니 증권·금융 국제경제 재테크 스포츠 스포츠 일반 야구 해외야구 축구 해외축구 농구 배구 골프 스포츠포토 건강 조선몰 문화·연예 연예 일반 스타 | 방송 영화 소식 | 음악 연예 포토 문화 일반 책 | 영화 음악 | 공연 미술·전시 종교·학술 방송·미디어 건축·디자인 패션·뷰티 여행 | 음식·맛집 리빙 조선리더스 조선일보 구독신청 초판서비스 신문은 선생님 오늘의 운세 DB조선 지면 PDF보기 인물검색 사진검색 뉴스 라이브러리 뉴스Q 뉴스레터 오피니언 정치 국제 사회 조선경제 스포츠 건강 문화· 연예 조선 리더스 조선몰 조선일보 공식 SNS 오피니언 정치 국제 사회 조선경제 스포츠 건강 문화· 연예 조선 리더스 조선몰 조선일보 공식 SNS 주소: 서울특별시 중구 세종대로21길 30, 4층(태평로1가) | 대표번호 02)724-5114 인터넷신문등록번호: 서울 아 01718 등록(발행)일자: 2011년 07월 26일 발행인·편집인: 홍준호 개인정보처리방침 청소년보호정책(책임자: 나민수) Copyright 조선일보 All rights reserved. 무단 전재 및 재배포 금지. 회사소개 기자채용 고객센터 독자권익보호위원회 기사제보 뉴지엄 광고안내 콘텐츠구매 제휴문의 사이트맵 조선미디어 관계사 개인정보처리방침 사이트맵 Copyright 조선일보 All rights reserved. 무단 전재 및 재배포 금지. 주소: 서울특별시 중구 세종대로21길 30, 4층(태평로1가) | 대표번호 02)724-5114 인터넷신문등록번호: 서울 아 01718 등록(발행)일자: 2011년 07월 26일 발행인·편집인: 홍준호 개인정보처리방침 청소년보호정책(책임자: 나민수) Copyright 조선일보 All rights reserved. 무단 전재 및 재배포 금지. 회사소개 기자채용 고객센터 독자권익보호위원회 기사제보 뉴지엄 광고안내 콘텐츠구매 제휴문의 사이트맵 조선미디어 관계사 주소: 서울특별시 중구 세종대로21길 30, 4층(태평로1가) | 대표번호 02)724-5114 인터넷신문등록번호: 서울 아 01718 등록(발행)일자: 2011년 07월 26일 발행인·편집인: 홍준호 개인정보처리방침 청소년보호정책(책임자: 나민수) Copyright 조선일보 All rights reserved. 무단 전재 및 재배포 금지. 주소: 서울특별시 중구 세종대로21길 30, 4층(태평로1가) | 대표번호 02)724-5114 인터넷신문등록번호: 서울 아 01718 등록(발행)일자: 2011년 07월 26일 발행인·편집인: 홍준호 주소: 서울특별시 중구 세종대로21길 30, 4층(태평로1가) | 대표번호 02)724-5114 개인정보처리방침 청소년보호정책(책임자: 나민수) Copyright 조선일보 All rights reserved. 무단 전재 및 재배포 금지. Copyright 조선일보 All rights reserved. 무단 전재 및 재배포 금지. 회사소개 기자채용 고객센터 독자권익보호위원회 기사제보 뉴지엄 광고안내 콘텐츠구매 제휴문의 사이트맵 조선미디어 관계사 회사소개 기자채용 고객센터 독자권익보호위원회 기사제보 뉴지엄 광고안내 콘텐츠구매 제휴문의 사이트맵 개인정보처리방침 사이트맵 Copyright 조선일보 All rights reserved. 무단 전재 및 재배포 금지.",True,20874,115,70,change_rate,medium,사회,heuristic
"셀트리온, 자가면역 치료제 ‘스테키마’ 美 출시",2025-03-14,https://www.chosun.com/economy/economy_general/2025/03/14/GIE5EGWB2JCG3EWUFSKBK7D77Y,"2026년 4월 21일(화) 신문구독 | English | 日本語 | 中文 0 조선경제 오피니언 정치 사회 국제 건강 스포츠 문화·연예 콘텐츠판 땅집고 BEMIL 군사세계 헬스조선 IT조선 조선에듀 어린이조선일보 산&트래블 이코노미조선 신문은 선생님 THE BOUTIQUE 행복플러스 주간조선 여성조선 월간조선 민학수 올댓골프 Topclass Life&Learning English 日本語 中文 검색 2026년 4월 21일(화) 신문구독 | English | 日本語 | 中文 0 신문구독 | English | 日本語 | 中文 조선경제 오피니언 정치 사회 국제 건강 스포츠 문화·연예 콘텐츠판 땅집고 BEMIL 군사세계 헬스조선 IT조선 조선에듀 어린이조선일보 산&트래블 이코노미조선 신문은 선생님 THE BOUTIQUE 행복플러스 주간조선 여성조선 월간조선 민학수 올댓골프 Topclass Life&Learning 콘텐츠판 땅집고 BEMIL 군사세계 헬스조선 IT조선 조선에듀 어린이조선일보 산&트래블 이코노미조선 신문은 선생님 THE BOUTIQUE 행복플러스 주간조선 여성조선 월간조선 민학수 올댓골프 Topclass Life&Learning 땅집고 BEMIL 군사세계 헬스조선 IT조선 조선에듀 어린이조선일보 산&트래블 이코노미조선 신문은 선생님 THE BOUTIQUE 행복플러스 주간조선 여성조선 월간조선 민학수 올댓골프 Topclass Life&Learning 조선경제 경제 일반 셀트리온, 자가면역 치료제 '스테키마' 美 출시 '스텔라라'의 바이오 시밀러 오리지널 약 대비 85% 할인 박지민 기자 입력 2025.03.14. 00:34 업데이트 2025.03.14. 09:29 0 셀트리온은 12일 자가면역질환 치료제 ‘스테키마’를 세계 최대 의약품 시장인 미국에 출시했다고 밝혔다. 스테키마는 글로벌 제약사 얀센이 2009년 개발한 ‘스텔라라’의 바이오 시밀러(바이오 복제약)다. 스테키마는 지난해 12월 판상형 건선, 건선성 관절염, 크론병 등 스텔라라의 전체 적응증(대상 질환)에 대한 미 식품의약국(FDA) 승인을 받았다. 셀트리온은 “스테키마의 도매가를 오리지널 약 대비 85% 할인된 가격으로 출시했다”며 “미국 법인의 직판 체제를 통해 빠르게 경쟁 우위를 점하겠다는 전략”이라고 했다. 셀트리온 ‘스테키마’의 출시로 연 매출 15조원에 달하는 의약품 ‘스텔라라’의 바이오 시밀러 경쟁은 격화하고 있다. 지난해 글로벌 매출 규모는 103억6100만달러(약 15조원)로, 미국 매출 규모만 약 10조원에 달한다. 미 FDA 허가를 받은 스텔라라 바이오 시밀러 7개 중 3개가 한국 기업의 제품이다. 삼성바이오에피스는 지난해 6월 FDA 허가를 받은 뒤 ‘피즈치바’를 지난달 미국에 출시했다. 동아ST는 5월 ‘이뮬도사’를 미국에 출시할 예정이다. 이 밖에도 미국 암젠, 아이슬란드 알보텍 등이 올해 잇따라 스텔라라의 바이오 시밀러를 미국 시장에 출시했다.",True,1441,12,13,ratio,hard,산업,heuristic
주유소 기름값 4주 만에 하락,2025-07-14,https://www.chosun.com/economy/industry-company/2025/07/14/KOLW4ZK2IJCXZOOOOLD6E7BDTA,"주유소 기름값 4주 만에 하락 최은경 기자 입력 2025.07.14. 00:33 0 국내 주유소 휘발유와 경유의 주간 평균 가격이 4주 만에 하락세로 돌아섰다. 13일 한국석유공사에 따르면 7월 둘째 주(6~12일) 전국 주유소 휘발유 평균 판매가는 직전주보다 리터(L)당 0.6원 내린 1667.5원, 경유 평균 판매가는 1.2원 내린 1530.2원이었다. 휘발유와 경유 가격은 6월 둘째 주(8~14일) 각각 1627.7원, 1490.6원으로 올해 주간 기준 최저치를 찍은 뒤 반등을 이어가며, 전주까지 3주 연속 오름세를 보였다. 국제 유가가 안정세를 보이는 가운데 국내 기름값도 하락세를 보일 것으로 예상된다. 지난주 국내 수입 원유 가격의 기준인 두바이유는 전주보다 1.8달러 오른 70.7달러를 나타냈고, 국제 휘발유 가격은 0.5달러 상승한 78.8달러, 국제 자동차용 경유는 2.3달러 오른 90.6달러였다. 국제 유가는 후티 반군이 두 달 만에 홍해를 지나는 상선에 대한 공격을 재개하며 오름세를 보였지만 주요 산유국 연합체인 OPEC+(오펙 플러스)가 8월 증산 규모를 확대하기로 하면서 상승 폭은 제한적이었다. 대한석유협회 관계자는 “이란·이스라엘 간 휴전 합의 후 안정세를 보이는 국제 유가가 국내 주유소 가격에 반영되는 중”이라며 “이번 주에도 국내 주유소 기름값은 하락할 것”이라고 밝혔다. 최은경 기자 산업부 조선일보 편집국 산업부에서 근무합니다. 산업통상부와 기후에너지환경부를 담당하며, 산업·통상·에너지",True,746,13,4,absolute,hard,산업,heuristic
美 관세 충격 영향에 4월 1~20일 수출 5.2% 감소...대미 수출은 1년 전보다 14.3% 급감,2025-04-21,https://www.chosun.com/economy/economy_general/2025/04/21/2GWDSTNBWBDRDNIWDPJDWFQFDE,"美 관세 충격 영향에 4월 1~20일 수출 5.2% 감소...대미 수출은 1년 전보다 14.3% 급감 김승현 기자 입력 2025.04.21. 09:08 업데이트 2025.04.21. 16:52 1 4월 1일부터 20일까지 수출이 자동차·석유 제품의 수출 감소 등의 영향으로 인해 지난해 같은 기간 대비 5.2% 줄었다. 같은 기간 대미 수출은 1년 전보다 14.3% 급감했다. 21일 관세청에 따르면, 이달 1~20일 수출액은 339억 달러로 지난해 같은 기간 대비 5.2% 감소했다. 조업일수를 고려한 일 평균 수출액도 5.2% 가량 감소했다. 작년과 올해 모두 조업 일수는 15.5일로 같았다. 수입은 340억 달러로 지난해 같은 기간 대비 11.8% 감소했다. 수출액이 수입액을 밑돌면서 이 기간 무역 수지는 1억 달러 적자를 기록했다. 4월 1~20일 수출 감소는 미국 행정부의 관세 부과 영향이 작용한 것이라는 분석이 나온다. 품목별로 보면 주요 수출 품목인 반도체(+10.7%)를 제외한 주요 품목들의 수출이 모두 감소했다. 가전제품(-29.9%), 컴퓨터주변기기(-23.3%), 석유제품(-22%), 선박(-9.1%), 철강제품(-8.7%), 승용차(-6.5%) 등에서 수출이 줄었다. 특히 4월 1~10일 수출은 지난해 같은 달 대비 13.7% 증가한 바 있는데, 1~20일까지로 기간을 확대하자 감소세로 전환한 것이다. 이달 10일 이후 수출 감소가 그만큼 컸다는 의미다. 국가별 수출액은 미국(-14.3%)과 중국(-3.4%) 등으로의 수출이 감소했지만, 유럽연합과(13.8%)과 대만(22%) 등에서는 증가했다. 특히 4월 1~10일까지는 대미 수출이 0.6% 감소에 불과했지만, 기간을 늘리자 14.3% 감소로 감소 폭이 급격히 늘었다. 한편, 이달 1일부터 20일까지 수입액은 전년 동기 대비 11.8% 감소한 340억달러를 기록했다. 품목별 수입은 반도체장비(+9.8%), 정밀기기(+2.9%) 등에서 증가했고, 원유(-29.5%), 반도체(-2%) 등 수입은 감소했다. #트럼프 #세금 트럼프 더보기 사상 첫 '4분기 연속 0.1% 이하 성장' 쇼크 오나 한국의 성장률이 사상 처음으로 4개 분기 연속으로 0.1% 이하의 ‘제로(0) 성장’을 기록할 것이라는 우려가 커지고 있다. 지난 1년간 우리나... 이번주 워싱턴서 '2+2 통상협의'... ""미국측 제안"" 미국 워싱턴DC에서 한미 재무·통상 장관이 동시에 참여하는 ‘2+2’ 고위급 협의가 이번주에 열린다. 기획재정부와 산업자원통상부는 20일 공동 ... 고물가·관세 전쟁… 숙박·음식점업 22개월째 역대 최장 불황 고물가·고금리, 계엄·탄핵 등 정치적 불확실성, 미·중 관세 전쟁 등 악재가 겹치면서 대표적 내수 업종인 숙박·음식점업이 1년 10개월째 장기 ... 김승현 기자 2016년 조선일보에 입사해 사회부 사건팀, 여론독자부, 미래기획부, 정치부 정당팀, 경제부 증권팀 등을 거쳤습니다. 현재는 세종팀에서 재정경제부·기획예산처·공정거래위원회 등을 출입하고 있습니다. 할아버지부터 사촌 동생까지 쉽게 읽을 수 있는 경제 기사를 쓰겠습니다. 구독수 205 Video Player is loading. Current Time 0:04 / Duration 1:37 Loaded : 41.21% 0:04 Stream Type LIVE Remaining Time - 1:33 1x Chapters descriptions off , selected subtitles settings , opens subtitles settings dialog subtitles off , selected Ladin , selected This is a modal window. Beginning of dialog window. Escape will cancel and close the window. Text Color White Black Red Green Blue Yellow Magenta Cyan Transparency Opaque Semi-Transparent Background Color Black White Red Green Blue Yellow Magenta Cyan Transparency Opaque Semi-Transparent Transparent Window Color Black White Red Green Blue Yellow Magenta Cyan Transparency Transparent Semi-Transparent Opaque Font Size 50% 75% 100% 125% 150% 175% 200% 300% 400% Text Edge Style None Raised Depressed Uniform Dropshadow Font Family Proportional Sans-Serif Monospace Sans-Serif Proportional Serif Monospace Serif Casual Script Small Caps End of dialog window. 100자평 1 도움말 삭제기준 최신순 관심순 메디안 2025.04.21 09:31 조선독자들이 현대기아를 폄훼하고 수입 내연기관을 구매한 탓이다. 전국민이 전기차와 원자력으로 대동단결하여 무역적자 해소해야 한다. 무역적자가 반복되면 환율이 알아서 너희들을 벌할 것이다. 1 2 AI 추천 오늘의 멤버십 조선경제 2조원 볼레오 광산, 1달러 매각... 산업부, 뒤늦은 책임 전가 서명리의 주역인문학 ‘왕이 될 사주’라더니… 그의 몰락과 역술인들의 비겁한 ‘말 바꿈’ AI 추천 오늘의 멤버십 조선경제 2조원 볼레오 광산, 1달러 매각... 산업부, 뒤늦은 책임 전가 서명리의 주역인문학 ‘왕이 될 사주’라더니… 그의 몰락과 역술인들의 비겁한 ‘말 바꿈’ AI 추천 오늘의 멤버십 조선경제 2조원 볼레오 광산, 1달러 매각... 산업부, 뒤늦은 책임 전가 서명리의 주역인문학 ‘왕이 될 사주’라더니… 그의 몰락과 역술인들의 비겁한 ‘말 바꿈’ By Taboola By Taboola 당신이 좋아할 만한 콘텐츠 AD 번호만 이동해도 역대급 현금 지급! 최대 170만원! 인터넷가입 돌아가기 AD [최대170만원] 인터넷가입 현금 가장 많이 주는 곳 인터넷가입 돌아가기 AD 갈수록 아파오는 ""허리통증, 다리저림"" 수술없이 안전하게 간단치료! 제일정형외과병원 돌아가기 ""거실이 운동장인 줄"" 이시영, 출산 후 복귀..이사한 '송도집' 최초공개! ('뿌시영') 돌아가기 문근영, 희귀병 완치 후 달라졌다..""몸 커지며 마음도 커져""('유퀴즈')[순간포착] 돌아가기 전처 이윤진은 응원했지만..이범수, 이혼 후 '미우새' 복귀에 엇갈린 시선 [핫피플] 돌아가기 조선경제 많이 본 뉴스 동학 개미 스승 박세익 ""코스피 주도주, 반도체에서 '이것'으로 바뀐다"" “파괴된 건물은 다시 지어야 합니다. 이미 들어간 비용은 매몰 비용이고, 재건을 위해 경제가 돌아가는 거죠. 이란이 중동의 정유·화학 ... 5만대 판매 넘었다, 배우 이미숙이 숙면을 위해 쓰기 시작한 것 조선몰은 국내 제조·유통기업의 판로를 돕고, 독자 혜택을 위해 정산·교환·반품·AS 걱정이 없는 우수 제품을 단독 최저가로 소개합니다.... 5만대 판매 넘었다, 배우 이미숙이 숙면을 위해 쓰기 시작한 것 조선몰은 국내 제조·유통기업의 판로를 돕고, 독자 혜택을 위해 정산·교환·반품·AS 걱정이 없는 우수 제품을 단독 최저가로 소개합니다.... By Taboola By Taboola 지금 뜨는 콘텐츠 AD 남재현 박사, ""술배·똥배·올챙이배"" 체지방 단번에 녹인 [이것] 남재현 체지방 다이어트 돌아가기 AD 로또 기록을 보면 보이는 숫자 패턴 정리, 공통점 있었다?! 로또분석연구소 돌아가기 AD 부모님과 함께 오면 교통비 1만원 바로 지급! 바디프랜드 돌아가기 [인터뷰③] 주지훈 ""'대군부인' 변우석에 왕위 물려줄 수 없어…나도 '재혼 황후' 남았다"" 돌아가기 '쌍둥이 싱글맘' 한그루, 7천만원대 냉장고에 경악 ""재혼 혼수로나 가능"" [순간포착] 돌아가기 '사냥개들2' 비 ""내 악역 두 딸이 보면 안돼..♥김태희는 멋있다 칭찬"" [인터뷰①] 돌아가기 오늘의 멤버십 다카나리타의 니혼/니혼진 회식의 종말로 휘청한 ‘일본 술’… ‘우마미’로 부활한다 홍정기 리듬으로 통증리셋 고관절 푸니 무릎도 가뿐… 앉아서 하는 하체 회복운동 김기철의 공미남 맑고 파워풀한 고음… 뮌헨 흔든 ‘소문의 테너’ 백석종 오늘의 멤버십 다카나리타의 니혼/니혼진 회식의 종말로 휘청한 ‘일본 술’… ‘우마미’로 부활한다 홍정기 리듬으로 통증리셋 고관절 푸니 무릎도 가뿐… 앉아서 하는 하체 회복운동 김기철의 공미남 맑고 파워풀한 고음… 뮌헨 흔든 ‘소문의 테너’ 백석종 배종찬의 정치&데이터 배우는 영화판에, 기술 전문가는 AI판에… 하정우 수석이 있어야 할 곳 오늘의 멤버십 1 / 2 다카나리타의 니혼/니혼진 회식의 종말로 휘청한 ‘일본 술’… ‘우마미’로 부활한다 홍정기 리듬으로 통증리셋 고관절 푸니 무릎도 가뿐… 앉아서 하는 하체 회복운동 김기철의 공미남 맑고 파워풀한 고음… 뮌헨 흔든 ‘소문의 테너’ 백석종 배종찬의 정치&데이터 배우는 영화판에, 기술 전문가는 AI판에… 하정우 수석이 있어야 할 곳 많이 본 뉴스 1 황교익·서승만 등 '코드 인사'에… 문화예술계 ""우리가 깍두기냐"" 2 美 주방위군 출신 아빠가 자녀 7명을 총으로... 3 트럼프 ""美협상단 곧 도착... 오늘 이란과 합의 이뤄질 것"" 4 [오늘의 운세] 4월 21일 화요일 (음력 3월 5일 乙丑) 5 지수, 친오빠 물의에 선긋기… ""금전·법률적 관계 없다"" 6 美, 호르무즈 기뢰 제거 총력... 해상 드론 이어 돌고래 투입? 7 李 ""구성 핵시설 이미 알려져… 정동영 기밀 누설 주장은 잘못"" 8 '미성년자 성폭행' 왕기춘, 6년 복역 마치고 곧 출소 9 도쿄 엘리베이터가 '덜컹'… 日, 후발지진 주의보 발령 10 동학 개미 스승 박세익 ""코스피 주도주, 반도체에서 '이것'으로 바뀐다"" 6 美, 호르무즈 기뢰 제거 총력... 해상 드론 이어 돌고래 투입? 7 李 ""구성 핵시설 이미 알려져… 정동영 기밀 누설 주장은 잘못"" 8 '미성년자 성폭행' 왕기춘, 6년 복역 마치고 곧 출소 9 도쿄 엘리베이터가 '덜컹'… 日, 후발지진 주의보 발령 10 동학 개미 스승 박세익 ""코스피 주도주, 반도체에서 '이것'으로 바뀐다"" 조선경제 경제 일반 美 관세 충격 영향에 4월 1~20일 수출 5.2% 감소...대미 수출은 1년 전보다 14.3% 급감 美 관세 충격 영향에 4월 1~20일 수출 5.2% 감소...대미 수출은 1년 전보다 14.3% 급감 김승현 기자 입력 2025.04.21. 09:08 업데이트 2025.04.21. 16:52 입력 2025.04.21. 09:08 업데이트 2025.04.21. 16:52 4월 1일부터 20일까지 수출이 자동차·석유 제품의 수출 감소 등의 영향으로 인해 지난해 같은 기간 대비 5.2% 줄었다. 같은 기간 대미 수출은 1년 전보다 14.3% 급감했다. 21일 관세청에 따르면, 이달 1~20일 수출액은 339억 달러로 지난해 같은 기간 대비 5.2% 감소했다. 조업일수를 고려한 일 평균 수출액도 5.2% 가량 감소했다. 작년과 올해 모두 조업 일수는 15.5일로 같았다. 수입은 340억 달러로 지난해 같은 기간 대비 11.8% 감소했다. 수출액이 수입액을 밑돌면서 이 기간 무역 수지는 1억 달러 적자를 기록했다. 4월 1~20일 수출 감소는 미국 행정부의 관세 부과 영향이 작용한 것이라는 분석이 나온다. 품목별로 보면 주요 수출 품목인 반도체(+10.7%)를 제외한 주요 품목들의 수출이 모두 감소했다. 가전제품(-29.9%), 컴퓨터주변기기(-23.3%), 석유제품(-22%), 선박(-9.1%), 철강제품(-8.7%), 승용차(-6.5%) 등에서 수출이 줄었다. 특히 4월 1~10일 수출은 지난해 같은 달 대비 13.7% 증가한 바 있는데, 1~20일까지로 기간을 확대하자 감소세로 전환한 것이다. 이달 10일 이후 수출 감소가 그만큼 컸다는 의미다. 국가별 수출액은 미국(-14.3%)과 중국(-3.4%) 등으로의 수출이 감소했지만, 유럽연합과(13.8%)과 대만(22%) 등에서는 증가했다. 특히 4월 1~10일까지는 대미 수출이 0.6% 감소에 불과했지만, 기간을 늘리자 14.3% 감소로 감소 폭이 급격히 늘었다. 한편, 이달 1일부터 20일까지 수입액은 전년 동기 대비 11.8% 감소한 340억달러를 기록했다. 품목별 수입은 반도체장비(+9.8%), 정밀기기(+2.9%) 등에서 증가했고, 원유(-29.5%), 반도체(-2%) 등 수입은 감소했다. 트럼프 더보기 사상 첫 '4분기 연속 0.1% 이하 성장' 쇼크 오나 한국의 성장률이 사상 처음으로 4개 분기 연속으로 0.1% 이하의 ‘제로(0) 성장’을 기록할 것이라는 우려가 커지고 있다. 지난 1년간 우리나... 이번주 워싱턴서 '2+2 통상협의'... ""미국측 제안"" 미국 워싱턴DC에서 한미 재무·통상 장관이 동시에 참여하는 ‘2+2’ 고위급 협의가 이번주에 열린다. 기획재정부와 산업자원통상부는 20일 공동 ... 고물가·관세 전쟁… 숙박·음식점업 22개월째 역대 최장 불황 고물가·고금리, 계엄·탄핵 등 정치적 불확실성, 미·중 관세 전쟁 등 악재가 겹치면서 대표적 내수 업종인 숙박·음식점업이 1년 10개월째 장기 ... 사상 첫 '4분기 연속 0.1% 이하 성장' 쇼크 오나 한국의 성장률이 사상 처음으로 4개 분기 연속으로 0.1% 이하의 ‘제로(0) 성장’을 기록할 것이라는 우려가 커지고 있다. 지난 1년간 우리나... 이번주 워싱턴서 '2+2 통상협의'... ""미국측 제안"" 미국 워싱턴DC에서 한미 재무·통상 장관이 동시에 참여하는 ‘2+2’ 고위급 협의가 이번주에 열린다. 기획재정부와 산업자원통상부는 20일 공동 ... 고물가·관세 전쟁… 숙박·음식점업 22개월째 역대 최장 불황 고물가·고금리, 계엄·탄핵 등 정치적 불확실성, 미·중 관세 전쟁 등 악재가 겹치면서 대표적 내수 업종인 숙박·음식점업이 1년 10개월째 장기 ... 사상 첫 '4분기 연속 0.1% 이하 성장' 쇼크 오나 한국의 성장률이 사상 처음으로 4개 분기 연속으로 0.1% 이하의 ‘제로(0) 성장’을 기록할 것이라는 우려가 커지고 있다. 지난 1년간 우리나... 사상 첫 '4분기 연속 0.1% 이하 성장' 쇼크 오나 한국의 성장률이 사상 처음으로 4개 분기 연속으로 0.1% 이하의 ‘제로(0) 성장’을 기록할 것이라는 우려가 커지고 있다. 지난 1년간 우리나... 이번주 워싱턴서 '2+2 통상협의'... ""미국측 제안"" 미국 워싱턴DC에서 한미 재무·통상 장관이 동시에 참여하는 ‘2+2’ 고위급 협의가 이번주에 열린다. 기획재정부와 산업자원통상부는 20일 공동 ... 이번주 워싱턴서 '2+2 통상협의'... ""미국측 제안"" 미국 워싱턴DC에서 한미 재무·통상 장관이 동시에 참여하는 ‘2+2’ 고위급 협의가 이번주에 열린다. 기획재정부와 산업자원통상부는 20일 공동 ... 고물가·관세 전쟁… 숙박·음식점업 22개월째 역대 최장 불황 고물가·고금리, 계엄·탄핵 등 정치적 불확실성, 미·중 관세 전쟁 등 악재가 겹치면서 대표적 내수 업종인 숙박·음식점업이 1년 10개월째 장기 ... 고물가·관세 전쟁… 숙박·음식점업 22개월째 역대 최장 불황 고물가·고금리, 계엄·탄핵 등 정치적 불확실성, 미·중 관세 전쟁 등 악재가 겹치면서 대표적 내수 업종인 숙박·음식점업이 1년 10개월째 장기 ... 김승현 기자 2016년 조선일보에 입사해 사회부 사건팀, 여론독자부, 미래기획부, 정치부 정당팀, 경제부 증권팀 등을 거쳤습니다. 현재는 세종팀에서 재정경제부·기획예산처·공정거래위원회 등을 출입하고 있습니다. 할아버지부터 사촌 동생까지 쉽게 읽을 수 있는 경제 기사를 쓰겠습니다. 구독수 205 김승현 기자 2016년 조선일보에 입사해 사회부 사건팀, 여론독자부, 미래기획부, 정치부 정당팀, 경제부 증권팀 등을 거쳤습니다. 현재는 세종팀에서 재정경제부·기획예산처·공정거래위원회 등을 출입하고 있습니다. 할아버지부터 사촌 동생까지 쉽게 읽을 수 있는 경제 기사를 쓰겠습니다. 2016년 조선일보에 입사해 사회부 사건팀, 여론독자부, 미래기획부, 정치부 정당팀, 경제부 증권팀 등을 거쳤습니다. 현재는 세종팀에서 재정경제부·기획예산처·공정거래위원회 등을 출입하고 있습니다. 할아버지부터 사촌 동생까지 쉽게 읽을 수 있는 경제 기사를 쓰겠습니다. Video Player is loading. Current Time 0:04 / Duration 1:37 Loaded : 41.21% 0:04 Stream Type LIVE Remaining Time - 1:33 1x Chapters descriptions off , selected subtitles settings , opens subtitles settings dialog subtitles off , selected Ladin , selected This is a modal window. Beginning of dialog window. Escape will cancel and close the window. Text Color White Black Red Green Blue Yellow Magenta Cyan Transparency Opaque Semi-Transparent Background Color Black White Red Green Blue Yellow Magenta Cyan Transparency Opaque Semi-Transparent Transparent Window Color Black White Red Green Blue Yellow Magenta Cyan Transparency Transparent Semi-Transparent Opaque Font Size 50% 75% 100% 125% 150% 175% 200% 300% 400% Text Edge Style None Raised Depressed Uniform Dropshadow Font Family Proportional Sans-Serif Monospace Sans-Serif Proportional Serif Monospace Serif Casual Script Small Caps End of dialog window. Current Time 0:04 / Duration 1:37 Loaded : 41.21% 0:04 Stream Type LIVE Remaining Time - 1:33 1x Chapters descriptions off , selected subtitles settings , opens subtitles settings dialog subtitles off , selected Ladin , selected descriptions off , selected subtitles settings , opens subtitles settings dialog subtitles off , selected , opens subtitles settings dialog Beginning of dialog window. Escape will cancel and close the window. Text Color White Black Red Green Blue Yellow Magenta Cyan Transparency Opaque Semi-Transparent Background Color Black White Red Green Blue Yellow Magenta Cyan Transparency Opaque Semi-Transparent Transparent Window Color Black White Red Green Blue Yellow Magenta Cyan Transparency Transparent Semi-Transparent Opaque Font Size 50% 75% 100% 125% 150% 175% 200% 300% 400% Text Edge Style None Raised Depressed Uniform Dropshadow Font Family Proportional Sans-Serif Monospace Sans-Serif Proportional Serif Monospace Serif Casual Script Small Caps End of dialog window. Beginning of dialog window. Escape will cancel and close the window. Text Color White Black Red Green Blue Yellow Magenta Cyan Transparency Opaque Semi-Transparent Background Color Black White Red Green Blue Yellow Magenta Cyan Transparency Opaque Semi-Transparent Transparent Window Color Black White Red Green Blue Yellow Magenta Cyan Transparency Transparent Semi-Transparent Opaque Font Size 50% 75% 100% 125% 150% 175% 200% 300% 400% Text Edge Style None Raised Depressed Uniform Dropshadow Font Family Proportional Sans-Serif Monospace Sans-Serif Proportional Serif Monospace Serif Casual Script Small Caps Text Color White Black Red Green Blue Yellow Magenta Cyan Transparency Opaque Semi-Transparent Background Color Black White Red Green Blue Yellow Magenta Cyan Transparency Opaque Semi-Transparent Transparent Window Color Black White Red Green Blue Yellow Magenta Cyan Transparency Transparent Semi-Transparent Opaque Transparency Opaque Semi-Transparent Transparency Opaque Semi-Transparent Transparent Transparency Transparent Semi-Transparent Opaque Font Size 50% 75% 100% 125% 150% 175% 200% 300% 400% Text Edge Style None Raised Depressed Uniform Dropshadow Font Family Proportional Sans-Serif Monospace Sans-Serif Proportional Serif Monospace Serif Casual Script Small Caps 100자평 1 도움말 삭제기준 최신순 관심순 메디안 2025.04.21 09:31 조선독자들이 현대기아를 폄훼하고 수입 내연기관을 구매한 탓이다. 전국민이 전기차와 원자력으로 대동단결하여 무역적자 해소해야 한다. 무역적자가 반복되면 환율이 알아서 너희들을 벌할 것이다. 1 2 메디안 2025.04.21 09:31 조선독자들이 현대기아를 폄훼하고 수입 내연기관을 구매한 탓이다. 전국민이 전기차와 원자력으로 대동단결하여 무역적자 해소해야 한다. 무역적자가 반복되면 환율이 알아서 너희들을 벌할 것이다. 1 2 조선독자들이 현대기아를 폄훼하고 수입 내연기관을 구매한 탓이다. 전국민이 전기차와 원자력으로 대동단결하여 무역적자 해소해야 한다. 무역적자가 반복되면 환율이 알아서 너희들을 벌할 것이다. AI 추천 오늘의 멤버십 조선경제 2조원 볼레오 광산, 1달러 매각... 산업부, 뒤늦은 책임 전가 서명리의 주역인문학 ‘왕이 될 사주’라더니… 그의 몰락과 역술인들의 비겁한 ‘말 바꿈’ AI 추천 오늘의 멤버십 조선경제 2조원 볼레오 광산, 1달러 매각... 산업부, 뒤늦은 책임 전가 서명리의 주역인문학 ‘왕이 될 사주’라더니… 그의 몰락과 역술인들의 비겁한 ‘말 바꿈’ AI 추천 오늘의 멤버십 조선경제 2조원 볼레오 광산, 1달러 매각... 산업부, 뒤늦은 책임 전가 서명리의 주역인문학 ‘왕이 될 사주’라더니… 그의 몰락과 역술인들의 비겁한 ‘말 바꿈’ AI 추천 오늘의 멤버십 조선경제 2조원 볼레오 광산, 1달러 매각... 산업부, 뒤늦은 책임 전가 서명리의 주역인문학 ‘왕이 될 사주’라더니… 그의 몰락과 역술인들의 비겁한 ‘말 바꿈’ 조선경제 2조원 볼레오 광산, 1달러 매각... 산업부, 뒤늦은 책임 전가 2조원 볼레오 광산, 1달러 매각... 산업부, 뒤늦은 책임 전가 서명리의 주역인문학 ‘왕이 될 사주’라더니… 그의 몰락과 역술인들의 비겁한 ‘말 바꿈’ ‘왕이 될 사주’라더니… 그의 몰락과 역술인들의 비겁한 ‘말 바꿈’ 조선경제 2조원 볼레오 광산, 1달러 매각... 산업부, 뒤늦은 책임 전가 서명리의 주역인문학 ‘왕이 될 사주’라더니… 그의 몰락과 역술인들의 비겁한 ‘말 바꿈’ By Taboola By Taboola 당신이 좋아할 만한 콘텐츠 AD 번호만 이동해도 역대급 현금 지급! 최대 170만원! 인터넷가입 돌아가기 AD [최대170만원] 인터넷가입 현금 가장 많이 주는 곳 인터넷가입 돌아가기 AD 갈수록 아파오는 ""허리통증, 다리저림"" 수술없이 안전하게 간단치료! 제일정형외과병원 돌아가기 ""거실이 운동장인 줄"" 이시영, 출산 후 복귀..이사한 '송도집' 최초공개! ('뿌시영') 돌아가기 문근영, 희귀병 완치 후 달라졌다..""몸 커지며 마음도 커져""('유퀴즈')[순간포착] 돌아가기 전처 이윤진은 응원했지만..이범수, 이혼 후 '미우새' 복귀에 엇갈린 시선 [핫피플] 돌아가기 By Taboola By Taboola 당신이 좋아할 만한 콘텐츠 AD 번호만 이동해도 역대급 현금 지급! 최대 170만원! 인터넷가입 돌아가기 AD [최대170만원] 인터넷가입 현금 가장 많이 주는 곳 인터넷가입 돌아가기 AD 갈수록 아파오는 ""허리통증, 다리저림"" 수술없이 안전하게 간단치료! 제일정형외과병원 돌아가기 ""거실이 운동장인 줄"" 이시영, 출산 후 복귀..이사한 '송도집' 최초공개! ('뿌시영') 돌아가기 문근영, 희귀병 완치 후 달라졌다..""몸 커지며 마음도 커져""('유퀴즈')[순간포착] 돌아가기 전처 이윤진은 응원했지만..이범수, 이혼 후 '미우새' 복귀에 엇갈린 시선 [핫피플] 돌아가기 AD 번호만 이동해도 역대급 현금 지급! 최대 170만원! 인터넷가입 돌아가기 번호만 이동해도 역대급 현금 지급! 최대 170만원! 인터넷가입 번호만 이동해도 역대급 현금 지급! 최대 170만원! AD [최대170만원] 인터넷가입 현금 가장 많이 주는 곳 인터넷가입 돌아가기 [최대170만원] 인터넷가입 현금 가장 많이 주는 곳 인터넷가입 [최대170만원] 인터넷가입 현금 가장 많이 주는 곳 AD 갈수록 아파오는 ""허리통증, 다리저림"" 수술없이 안전하게 간단치료! 제일정형외과병원 돌아가기 갈수록 아파오는 ""허리통증, 다리저림"" 수술없이 안전하게 간단치료! 제일정형외과병원 갈수록 아파오는 ""허리통증, 다리저림"" 수술없이 안전하게 간단치료! ""거실이 운동장인 줄"" 이시영, 출산 후 복귀..이사한 '송도집' 최초공개! ('뿌시영') 돌아가기 ""거실이 운동장인 줄"" 이시영, 출산 후 복귀..이사한 '송도집' 최초공개! ('뿌시영') 문근영, 희귀병 완치 후 달라졌다..""몸 커지며 마음도 커져""('유퀴즈')[순간포착] 돌아가기 문근영, 희귀병 완치 후 달라졌다..""몸 커지며 마음도 커져""('유퀴즈')[순간포착] 전처 이윤진은 응원했지만..이범수, 이혼 후 '미우새' 복귀에 엇갈린 시선 [핫피플] 돌아가기 전처 이윤진은 응원했지만..이범수, 이혼 후 '미우새' 복귀에 엇갈린 시선 [핫피플] 조선경제 많이 본 뉴스 동학 개미 스승 박세익 ""코스피 주도주, 반도체에서 '이것'으로 바뀐다"" “파괴된 건물은 다시 지어야 합니다. 이미 들어간 비용은 매몰 비용이고, 재건을 위해 경제가 돌아가는 거죠. 이란이 중동의 정유·화학 ... 5만대 판매 넘었다, 배우 이미숙이 숙면을 위해 쓰기 시작한 것 조선몰은 국내 제조·유통기업의 판로를 돕고, 독자 혜택을 위해 정산·교환·반품·AS 걱정이 없는 우수 제품을 단독 최저가로 소개합니다.... 5만대 판매 넘었다, 배우 이미숙이 숙면을 위해 쓰기 시작한 것 조선몰은 국내 제조·유통기업의 판로를 돕고, 독자 혜택을 위해 정산·교환·반품·AS 걱정이 없는 우수 제품을 단독 최저가로 소개합니다.... 동학 개미 스승 박세익 ""코스피 주도주, 반도체에서 '이것'으로 바뀐다"" “파괴된 건물은 다시 지어야 합니다. 이미 들어간 비용은 매몰 비용이고, 재건을 위해 경제가 돌아가는 거죠. 이란이 중동의 정유·화학 ... 5만대 판매 넘었다, 배우 이미숙이 숙면을 위해 쓰기 시작한 것 조선몰은 국내 제조·유통기업의 판로를 돕고, 독자 혜택을 위해 정산·교환·반품·AS 걱정이 없는 우수 제품을 단독 최저가로 소개합니다.... 5만대 판매 넘었다, 배우 이미숙이 숙면을 위해 쓰기 시작한 것 조선몰은 국내 제조·유통기업의 판로를 돕고, 독자 혜택을 위해 정산·교환·반품·AS 걱정이 없는 우수 제품을 단독 최저가로 소개합니다.... 동학 개미 스승 박세익 ""코스피 주도주, 반도체에서 '이것'으로 바뀐다"" “파괴된 건물은 다시 지어야 합니다. 이미 들어간 비용은 매몰 비용이고, 재건을 위해 경제가 돌아가는 거죠. 이란이 중동의 정유·화학 ... 5만대 판매 넘었다, 배우 이미숙이 숙면을 위해 쓰기 시작한 것 조선몰은 국내 제조·유통기업의 판로를 돕고, 독자 혜택을 위해 정산·교환·반품·AS 걱정이 없는 우수 제품을 단독 최저가로 소개합니다.... 동학 개미 스승 박세익 ""코스피 주도주, 반도체에서 '이것'으로 바뀐다"" “파괴된 건물은 다시 지어야 합니다. 이미 들어간 비용은 매몰 비용이고, 재건을 위해 경제가 돌아가는 거죠. 이란이 중동의 정유·화학 ... 동학 개미 스승 박세익 ""코스피 주도주, 반도체에서 '이것'으로 바뀐다"" “파괴된 건물은 다시 지어야 합니다. 이미 들어간 비용은 매몰 비용이고, 재건을 위해 경제가 돌아가는 거죠. 이란이 중동의 정유·화학 ... 5만대 판매 넘었다, 배우 이미숙이 숙면을 위해 쓰기 시작한 것 조선몰은 국내 제조·유통기업의 판로를 돕고, 독자 혜택을 위해 정산·교환·반품·AS 걱정이 없는 우수 제품을 단독 최저가로 소개합니다.... 5만대 판매 넘었다, 배우 이미숙이 숙면을 위해 쓰기 시작한 것 조선몰은 국내 제조·유통기업의 판로를 돕고, 독자 혜택을 위해 정산·교환·반품·AS 걱정이 없는 우수 제품을 단독 최저가로 소개합니다.... By Taboola By Taboola 지금 뜨는 콘텐츠 AD 남재현 박사, ""술배·똥배·올챙이배"" 체지방 단번에 녹인 [이것] 남재현 체지방 다이어트 돌아가기 AD 로또 기록을 보면 보이는 숫자 패턴 정리, 공통점 있었다?! 로또분석연구소 돌아가기 AD 부모님과 함께 오면 교통비 1만원 바로 지급! 바디프랜드 돌아가기 [인터뷰③] 주지훈 ""'대군부인' 변우석에 왕위 물려줄 수 없어…나도 '재혼 황후' 남았다"" 돌아가기 '쌍둥이 싱글맘' 한그루, 7천만원대 냉장고에 경악 ""재혼 혼수로나 가능"" [순간포착] 돌아가기 '사냥개들2' 비 ""내 악역 두 딸이 보면 안돼..♥김태희는 멋있다 칭찬"" [인터뷰①] 돌아가기 By Taboola By Taboola 지금 뜨는 콘텐츠 AD 남재현 박사, ""술배·똥배·올챙이배"" 체지방 단번에 녹인 [이것] 남재현 체지방 다이어트 돌아가기 AD 로또 기록을 보면 보이는 숫자 패턴 정리, 공통점 있었다?! 로또분석연구소 돌아가기 AD 부모님과 함께 오면 교통비 1만원 바로 지급! 바디프랜드 돌아가기 [인터뷰③] 주지훈 ""'대군부인' 변우석에 왕위 물려줄 수 없어…나도 '재혼 황후' 남았다"" 돌아가기 '쌍둥이 싱글맘' 한그루, 7천만원대 냉장고에 경악 ""재혼 혼수로나 가능"" [순간포착] 돌아가기 '사냥개들2' 비 ""내 악역 두 딸이 보면 안돼..♥김태희는 멋있다 칭찬"" [인터뷰①] 돌아가기 AD 남재현 박사, ""술배·똥배·올챙이배"" 체지방 단번에 녹인 [이것] 남재현 체지방 다이어트 돌아가기 남재현 박사, ""술배·똥배·올챙이배"" 체지방 단번에 녹인 [이것] 남재현 체지방 다이어트 남재현 박사, ""술배·똥배·올챙이배"" 체지방 단번에 녹인 [이것] AD 로또 기록을 보면 보이는 숫자 패턴 정리, 공통점 있었다?! 로또분석연구소 돌아가기 로또 기록을 보면 보이는 숫자 패턴 정리, 공통점 있었다?! 로또분석연구소 로또 기록을 보면 보이는 숫자 패턴 정리, 공통점 있었다?! AD 부모님과 함께 오면 교통비 1만원 바로 지급! 바디프랜드 돌아가기 부모님과 함께 오면 교통비 1만원 바로 지급! 바디프랜드 부모님과 함께 오면 교통비 1만원 바로 지급! [인터뷰③] 주지훈 ""'대군부인' 변우석에 왕위 물려줄 수 없어…나도 '재혼 황후' 남았다"" 돌아가기 [인터뷰③] 주지훈 ""'대군부인' 변우석에 왕위 물려줄 수 없어…나도 '재혼 황후' 남았다"" '쌍둥이 싱글맘' 한그루, 7천만원대 냉장고에 경악 ""재혼 혼수로나 가능"" [순간포착] 돌아가기 '쌍둥이 싱글맘' 한그루, 7천만원대 냉장고에 경악 ""재혼 혼수로나 가능"" [순간포착] '사냥개들2' 비 ""내 악역 두 딸이 보면 안돼..♥김태희는 멋있다 칭찬"" [인터뷰①] 돌아가기 '사냥개들2' 비 ""내 악역 두 딸이 보면 안돼..♥김태희는 멋있다 칭찬"" [인터뷰①] 오늘의 멤버십 다카나리타의 니혼/니혼진 회식의 종말로 휘청한 ‘일본 술’… ‘우마미’로 부활한다 홍정기 리듬으로 통증리셋 고관절 푸니 무릎도 가뿐… 앉아서 하는 하체 회복운동 김기철의 공미남 맑고 파워풀한 고음… 뮌헨 흔든 ‘소문의 테너’ 백석종 오늘의 멤버십 다카나리타의 니혼/니혼진 회식의 종말로 휘청한 ‘일본 술’… ‘우마미’로 부활한다 홍정기 리듬으로 통증리셋 고관절 푸니 무릎도 가뿐… 앉아서 하는 하체 회복운동 김기철의 공미남 맑고 파워풀한 고음… 뮌헨 흔든 ‘소문의 테너’ 백석종 배종찬의 정치&데이터 배우는 영화판에, 기술 전문가는 AI판에… 하정우 수석이 있어야 할 곳 오늘의 멤버십 1 / 2 다카나리타의 니혼/니혼진 회식의 종말로 휘청한 ‘일본 술’… ‘우마미’로 부활한다 홍정기 리듬으로 통증리셋 고관절 푸니 무릎도 가뿐… 앉아서 하는 하체 회복운동 김기철의 공미남 맑고 파워풀한 고음… 뮌헨 흔든 ‘소문의 테너’ 백석종 배종찬의 정치&데이터 배우는 영화판에, 기술 전문가는 AI판에… 하정우 수석이 있어야 할 곳 다카나리타의 니혼/니혼진 회식의 종말로 휘청한 ‘일본 술’… ‘우마미’로 부활한다 회식의 종말로 휘청한 ‘일본 술’… ‘우마미’로 부활한다 홍정기 리듬으로 통증리셋 고관절 푸니 무릎도 가뿐… 앉아서 하는 하체 회복운동 고관절 푸니 무릎도 가뿐… 앉아서 하는 하체 회복운동 김기철의 공미남 맑고 파워풀한 고음… 뮌헨 흔든 ‘소문의 테너’ 백석종 맑고 파워풀한 고음… 뮌헨 흔든 ‘소문의 테너’ 백석종 다카나리타의 니혼/니혼진 회식의 종말로 휘청한 ‘일본 술’… ‘우마미’로 부활한다 홍정기 리듬으로 통증리셋 고관절 푸니 무릎도 가뿐… 앉아서 하는 하체 회복운동 김기철의 공미남 맑고 파워풀한 고음… 뮌헨 흔든 ‘소문의 테너’ 백석종 배종찬의 정치&데이터 배우는 영화판에, 기술 전문가는 AI판에… 하정우 수석이 있어야 할 곳 배종찬의 정치&데이터 배우는 영화판에, 기술 전문가는 AI판에… 하정우 수석이 있어야 할 곳 배우는 영화판에, 기술 전문가는 AI판에… 하정우 수석이 있어야 할 곳 오늘의 멤버십 1 / 2 다카나리타의 니혼/니혼진 회식의 종말로 휘청한 ‘일본 술’… ‘우마미’로 부활한다 홍정기 리듬으로 통증리셋 고관절 푸니 무릎도 가뿐… 앉아서 하는 하체 회복운동 김기철의 공미남 맑고 파워풀한 고음… 뮌헨 흔든 ‘소문의 테너’ 백석종 배종찬의 정치&데이터 배우는 영화판에, 기술 전문가는 AI판에… 하정우 수석이 있어야 할 곳 다카나리타의 니혼/니혼진 회식의 종말로 휘청한 ‘일본 술’… ‘우마미’로 부활한다 홍정기 리듬으로 통증리셋 고관절 푸니 무릎도 가뿐… 앉아서 하는 하체 회복운동 김기철의 공미남 맑고 파워풀한 고음… 뮌헨 흔든 ‘소문의 테너’ 백석종 배종찬의 정치&데이터 배우는 영화판에, 기술 전문가는 AI판에… 하정우 수석이 있어야 할 곳 많이 본 뉴스 1 황교익·서승만 등 '코드 인사'에… 문화예술계 ""우리가 깍두기냐"" 2 美 주방위군 출신 아빠가 자녀 7명을 총으로... 3 트럼프 ""美협상단 곧 도착... 오늘 이란과 합의 이뤄질 것"" 4 [오늘의 운세] 4월 21일 화요일 (음력 3월 5일 乙丑) 5 지수, 친오빠 물의에 선긋기… ""금전·법률적 관계 없다"" 6 美, 호르무즈 기뢰 제거 총력... 해상 드론 이어 돌고래 투입? 7 李 ""구성 핵시설 이미 알려져… 정동영 기밀 누설 주장은 잘못"" 8 '미성년자 성폭행' 왕기춘, 6년 복역 마치고 곧 출소 9 도쿄 엘리베이터가 '덜컹'… 日, 후발지진 주의보 발령 10 동학 개미 스승 박세익 ""코스피 주도주, 반도체에서 '이것'으로 바뀐다"" 6 美, 호르무즈 기뢰 제거 총력... 해상 드론 이어 돌고래 투입? 7 李 ""구성 핵시설 이미 알려져… 정동영 기밀 누설 주장은 잘못"" 8 '미성년자 성폭행' 왕기춘, 6년 복역 마치고 곧 출소 9 도쿄 엘리베이터가 '덜컹'… 日, 후발지진 주의보 발령 10 동학 개미 스승 박세익 ""코스피 주도주, 반도체에서 '이것'으로 바뀐다"" 1 황교익·서승만 등 '코드 인사'에… 문화예술계 ""우리가 깍두기냐"" 2 美 주방위군 출신 아빠가 자녀 7명을 총으로... 3 트럼프 ""美협상단 곧 도착... 오늘 이란과 합의 이뤄질 것"" 4 [오늘의 운세] 4월 21일 화요일 (음력 3월 5일 乙丑) 5 지수, 친오빠 물의에 선긋기… ""금전·법률적 관계 없다"" 6 美, 호르무즈 기뢰 제거 총력... 해상 드론 이어 돌고래 투입? 7 李 ""구성 핵시설 이미 알려져… 정동영 기밀 누설 주장은 잘못"" 8 '미성년자 성폭행' 왕기춘, 6년 복역 마치고 곧 출소 9 도쿄 엘리베이터가 '덜컹'… 日, 후발지진 주의보 발령 10 동학 개미 스승 박세익 ""코스피 주도주, 반도체에서 '이것'으로 바뀐다"" 6 美, 호르무즈 기뢰 제거 총력... 해상 드론 이어 돌고래 투입? 7 李 ""구성 핵시설 이미 알려져… 정동영 기밀 누설 주장은 잘못"" 8 '미성년자 성폭행' 왕기춘, 6년 복역 마치고 곧 출소 9 도쿄 엘리베이터가 '덜컹'… 日, 후발지진 주의보 발령 10 동학 개미 스승 박세익 ""코스피 주도주, 반도체에서 '이것'으로 바뀐다"" 1 황교익·서승만 등 '코드 인사'에… 문화예술계 ""우리가 깍두기냐"" 2 美 주방위군 출신 아빠가 자녀 7명을 총으로... 3 트럼프 ""美협상단 곧 도착... 오늘 이란과 합의 이뤄질 것"" 4 [오늘의 운세] 4월 21일 화요일 (음력 3월 5일 乙丑) 5 지수, 친오빠 물의에 선긋기… ""금전·법률적 관계 없다"" 6 美, 호르무즈 기뢰 제거 총력... 해상 드론 이어 돌고래 투입? 7 李 ""구성 핵시설 이미 알려져… 정동영 기밀 누설 주장은 잘못"" 8 '미성년자 성폭행' 왕기춘, 6년 복역 마치고 곧 출소 9 도쿄 엘리베이터가 '덜컹'… 日, 후발지진 주의보 발령 10 동학 개미 스승 박세익 ""코스피 주도주, 반도체에서 '이것'으로 바뀐다"" 1 황교익·서승만 등 '코드 인사'에… 문화예술계 ""우리가 깍두기냐"" 황교익·서승만 등 '코드 인사'에… 문화예술계 ""우리가 깍두기냐"" 2 美 주방위군 출신 아빠가 자녀 7명을 총으로... 美 주방위군 출신 아빠가 자녀 7명을 총으로... 3 트럼프 ""美협상단 곧 도착... 오늘 이란과 합의 이뤄질 것"" 트럼프 ""美협상단 곧 도착... 오늘 이란과 합의 이뤄질 것"" 4 [오늘의 운세] 4월 21일 화요일 (음력 3월 5일 乙丑) [오늘의 운세] 4월 21일 화요일 (음력 3월 5일 乙丑) 5 지수, 친오빠 물의에 선긋기… ""금전·법률적 관계 없다"" 지수, 친오빠 물의에 선긋기… ""금전·법률적 관계 없다"" 6 美, 호르무즈 기뢰 제거 총력... 해상 드론 이어 돌고래 투입? 美, 호르무즈 기뢰 제거 총력... 해상 드론 이어 돌고래 투입? 7 李 ""구성 핵시설 이미 알려져… 정동영 기밀 누설 주장은 잘못"" 李 ""구성 핵시설 이미 알려져… 정동영 기밀 누설 주장은 잘못"" 8 '미성년자 성폭행' 왕기춘, 6년 복역 마치고 곧 출소 '미성년자 성폭행' 왕기춘, 6년 복역 마치고 곧 출소 9 도쿄 엘리베이터가 '덜컹'… 日, 후발지진 주의보 발령 도쿄 엘리베이터가 '덜컹'… 日, 후발지진 주의보 발령 10 동학 개미 스승 박세익 ""코스피 주도주, 반도체에서 '이것'으로 바뀐다"" 6 美, 호르무즈 기뢰 제거 총력... 해상 드론 이어 돌고래 투입? 7 李 ""구성 핵시설 이미 알려져… 정동영 기밀 누설 주장은 잘못"" 8 '미성년자 성폭행' 왕기춘, 6년 복역 마치고 곧 출소 9 도쿄 엘리베이터가 '덜컹'… 日, 후발지진 주의보 발령 10 동학 개미 스승 박세익 ""코스피 주도주, 반도체에서 '이것'으로 바뀐다"" 오피니언 사설 칼럼 朝鮮칼럼 The Column 태평로 동서남북 경제포커스 만물상 에스프레소 데스크에서 기자의 시각 특파원 칼럼 기자수첩 팔면봉 ESSAY 전문가 칼럼 정치 정치 일반 청와대 국회·정당 북한 외교·국방 행정 국제 국제 일반 미국 중국 | 일본 아시아 유럽 중동·아프리카·중남미 해외토픽 사회 사회 일반 사건사고 법조 교육 노동 교통·환경 복지·의료 취업 피플 부음·인사 아무튼, 주말 전국 조선경제 WEEKLY BIZ 테크 과학 산업·재계 자동차 부동산 생활경제 중기·벤처 스타트업 취중잡담 경제 일반 머니 증권·금융 국제경제 재테크 스포츠 스포츠 일반 야구 해외야구 축구 해외축구 농구 배구 골프 스포츠포토 건강 조선몰 문화·연예 연예 일반 스타 | 방송 영화 소식 | 음악 연예 포토 문화 일반 책 | 영화 음악 | 공연 미술·전시 종교·학술 방송·미디어 건축·디자인 패션·뷰티 여행 | 음식·맛집 리빙 조선리더스 조선일보 구독신청 초판서비스 신문은 선생님 오늘의 운세 DB조선 지면 PDF보기 인물검색 사진검색 뉴스 라이브러리 뉴스Q 뉴스레터 오피니언 정치 국제 사회 조선경제 스포츠 건강 문화· 연예 조선 리더스 조선몰 조선일보 공식 SNS 페이스북 트위터 유튜브 인스타그램 오피니언 사설 칼럼 朝鮮칼럼 The Column 태평로 동서남북 경제포커스 만물상 에스프레소 데스크에서 기자의 시각 특파원 칼럼 기자수첩 팔면봉 ESSAY 전문가 칼럼 정치 정치 일반 청와대 국회·정당 북한 외교·국방 행정 국제 국제 일반 미국 중국 | 일본 아시아 유럽 중동·아프리카·중남미 해외토픽 사회 사회 일반 사건사고 법조 교육 노동 교통·환경 복지·의료 취업 피플 부음·인사 아무튼, 주말 전국 조선경제 WEEKLY BIZ 테크 과학 산업·재계 자동차 부동산 생활경제 중기·벤처 스타트업 취중잡담 경제 일반 머니 증권·금융 국제경제 재테크 스포츠 스포츠 일반 야구 해외야구 축구 해외축구 농구 배구 골프 스포츠포토 건강 조선몰 문화·연예 연예 일반 스타 | 방송 영화 소식 | 음악 연예 포토 문화 일반 책 | 영화 음악 | 공연 미술·전시 종교·학술 방송·미디어 건축·디자인 패션·뷰티 여행 | 음식·맛집 리빙 조선리더스 조선일보 구독신청 초판서비스 신문은 선생님 오늘의 운세 DB조선 지면 PDF보기 인물검색 사진검색 뉴스 라이브러리 뉴스Q 뉴스레터 오피니언 정치 국제 사회 조선경제 스포츠 건강 문화· 연예 조선 리더스 조선몰 조선일보 공식 SNS 오피니언 정치 국제 사회 조선경제 스포츠 건강 문화· 연예 조선 리더스 조선몰 조선일보 공식 SNS 주소: 서울특별시 중구 세종대로21길 30, 4층(태평로1가) | 대표번호 02)724-5114 인터넷신문등록번호: 서울 아 01718 등록(발행)일자: 2011년 07월 26일 발행인·편집인: 홍준호 개인정보처리방침 청소년보호정책(책임자: 나민수) Copyright 조선일보 All rights reserved. 무단 전재 및 재배포 금지. 회사소개 기자채용 고객센터 독자권익보호위원회 기사제보 뉴지엄 광고안내 콘텐츠구매 제휴문의 사이트맵 조선미디어 관계사 개인정보처리방침 사이트맵 Copyright 조선일보 All rights reserved. 무단 전재 및 재배포 금지. 주소: 서울특별시 중구 세종대로21길 30, 4층(태평로1가) | 대표번호 02)724-5114 인터넷신문등록번호: 서울 아 01718 등록(발행)일자: 2011년 07월 26일 발행인·편집인: 홍준호 개인정보처리방침 청소년보호정책(책임자: 나민수) Copyright 조선일보 All rights reserved. 무단 전재 및 재배포 금지. 회사소개 기자채용 고객센터 독자권익보호위원회 기사제보 뉴지엄 광고안내 콘텐츠구매 제휴문의 사이트맵 조선미디어 관계사 주소: 서울특별시 중구 세종대로21길 30, 4층(태평로1가) | 대표번호 02)724-5114 인터넷신문등록번호: 서울 아 01718 등록(발행)일자: 2011년 07월 26일 발행인·편집인: 홍준호 개인정보처리방침 청소년보호정책(책임자: 나민수) Copyright 조선일보 All rights reserved. 무단 전재 및 재배포 금지. 주소: 서울특별시 중구 세종대로21길 30, 4층(태평로1가) | 대표번호 02)724-5114 인터넷신문등록번호: 서울 아 01718 등록(발행)일자: 2011년 07월 26일 발행인·편집인: 홍준호 주소: 서울특별시 중구 세종대로21길 30, 4층(태평로1가) | 대표번호 02)724-5114 개인정보처리방침 청소년보호정책(책임자: 나민수) Copyright 조선일보 All rights reserved. 무단 전재 및 재배포 금지. Copyright 조선일보 All rights reserved. 무단 전재 및 재배포 금지. 회사소개 기자채용 고객센터 독자권익보호위원회 기사제보 뉴지엄 광고안내 콘텐츠구매 제휴문의 사이트맵 조선미디어 관계사 회사소개 기자채용 고객센터 독자권익보호위원회 기사제보 뉴지엄 광고안내 콘텐츠구매 제휴문의 사이트맵 개인정보처리방침 사이트맵 Copyright 조선일보 All rights reserved. 무단 전재 및 재배포 금지.",True,22708,194,52,change_rate,medium,산업,heuristic
금값 고공 행진에 0.1~0.3g 골드바 인기,2025-05-07,https://www.chosun.com/economy/economy_general/2025/05/07/NOQAC57G5VGLHJRFKS53J6WF44,"금값 고공 행진에 0.1~0.3g 골드바 인기 골드뱅킹은 1조1000억 역대 최대 유소연 기자 입력 2025.05.07. 01:57 업데이트 2025.05.07. 07:11 2 직장인 구모(37)씨는 친구 아기의 돌 선물을 알아보다 부담이 들었다. 금값이 너무 올라 돌반지 한 돈(3.75g)이 70만원에 육박했기 때문이다. 구씨는 결국 납작하게 편 ‘0.5g 금수저’를 액자에 넣어 선물하기로 했다. 구씨는 “현금을 주자니 정 없어 보이고 돌반지 중량을 줄이기엔 민망해서 그나마 잘 살라는 의미를 담은 금수저 액자를 10만원대에 샀다”고 말했다. 금값이 고공 행진을 하면서 한때 ‘1g 돌반지’가 유행하기도 했으나 최근엔 이도 아닌 0.1~0.3g짜리 저중량 골드바나 금수저가 돌 선물로 인기를 끌고 있다. 또 금 투자 열기에 은행권 골드뱅킹 잔액은 역대 최대치를 기록했다. 5일 국제 금값이 온스당 3322.3달러에 장을 마치는 등 지난달 11일 사상 처음 3200달러를 넘긴 이후 금값 고공 행진이 이어지고 있다. 6일 로이터통신에 따르면, 트럼프 관세 불확실성이 다시 커지며 금에 대한 매수세가 몰려 이날 아시아 등에서 장중 금값이 3360달러대로 2주 만에 최고치를 경신했다. 온라인 금융 거래 서비스 플랫폼 IG마켓의 예프 준 롱 전략가는 로이터에 “트럼프 대통령이 다시 관세 문제를 거론하며 투자자들이 안전 자산인 금으로 돌아와 이번 주 초 금값이 강하게 오르고 있다”며 “미 연방준비제도가 비둘기파적(통화 완화 선호) 신호를 보낸다면 금 상승 추세가 강화될 것”이라고 했다. 금은 저금리 환경에서 투자 매력이 높아진다. ◇중량 낮춘 금 선물 찾기 6일 오후 서울 종로3가 귀금속 상가에서는 세공비에 따라 한 돈 돌반지가 57만~68만원, 반 돈은 29만~37만원에 팔리고 있었다. 한 상인은 “요즘 친조카 정도는 돼야 반 돈을 하고, 할머니·할아버지들만 한 돈짜리를 찾는다”고 했다. 과거 2023년 3월 금값이 온스당 2000달러를 돌파하며 돌반지 한 돈에 40만원이었을 때 ‘1g 돌반지’가 등장했는데, 금값이 더 오른 최근에는 돌 선물로 이보다 무게를 더 줄인 저중량 금을 찾는 추세다. ‘금수저 물고 잘살라’는 뜻의 금수저가 대표적이다. 처음 금수저가 돌 선물로 등장했을 때는 한 돈짜리 아이디어 상품으로 나왔고 모양도 입체적이었다. 하지만 중량이 1g, 0.5g 등으로 낮아지면서 최근엔 금수저도 납작해졌다. 0.1~0.3g짜리 골드바도 인기다. 말이 골드바이지 카드에 가까울 정도로 얇지만 여기에 ‘첫돌’ ‘백일’ 같은 문구를 새겨 선물하기도 한다. 0.1g짜리가 3만원대이다. 높은 금값에 오히려 금을 선물하고자 하는 수요는 높은데 가격이 비싸니 중량은 줄이되 재미를 담은 상품이 뜨는 것이다. 성모(32)씨는 어린이날을 맞아 초등학생 조카에게 0.5g짜리 콩알금 한 알과 유리병을 선물했다. 그는 “돼지 저금통에 동전 모으듯 유리병에 금을 모아 부자 되라는 의미”라고 했다. 어버이날을 앞두고 500원짜리 모양에 카네이션을 새긴 0.1g 순금 코인도 인기를 끌고 있다. ◇은행권 골드뱅킹 역대 최대 국내외 불확실성 속에 안전 자산으로 꼽히면서 금값이 뛰자 투자자들의 관심도 뜨겁다. 은행 계좌를 통해 0.01g 단위로 금을 사고팔 수 있는 은행권 골드뱅킹은 지난달 말 기준 1조1025억원으로 역대 최대를 기록했다. 골드뱅킹을 취급하는 KB국민·신한·우리은행 잔액을 합산한 수치다. 이 은행들의 골드뱅킹 잔액은 지난 3월 말 1조265억원으로 집계돼 처음으로 1조원을 넘겼는데, 한 달 새 760억원이 증가했다. 작년 4월 말(6101억원)과 비교하면 1년 사이 두 배 가까이로 규모가 늘었다. KB국민·신한·하나·우리·NH농협 등 5대 은행에서 팔고 있는 골드바는 품귀 현상이 벌어질 정도로 인기를 끌고 있다. 지난해 한 달에 100억~200억원대였던 은행권 골드바 판매액은 지난 2월 약 883억원으로 뛰기도 했다. 당시 한국조폐공사와 한국금거래소 등에서 판매를 일시 중단하며 한때 골드바를 사기 어려울 정도였다. 은행에서 판매하는 골드바도 중량이 적은 상품이 인기다. 은행들은 10g·100g 골드바는 예약 판매로 전환하는 등 제한을 뒀다. 지난달 은행권의 골드바 판매액은 349억원 수준이다.",True,2087,38,10,absolute,medium,사회,heuristic
"1월 제조업 생산, 18개월 만에 최대폭 감소",2025-03-10,https://www.chosun.com/economy/economy_general/2025/03/10/65PWQSE4ORDSLO4NS6PESQ6SXQ,"1월 제조업 생산, 18개월 만에 최대폭 감소 4.2% 줄어… 반도체마저 생산 주춤 강우량 기자 입력 2025.03.10. 01:32 업데이트 2025.03.10. 10:41 0 지난 1월 제조업 생산이 18개월 만에 최대 감소세를 보였다. 제조업 판매량을 뜻하는 출하도 내수용과 수출용에서 동반 감소하면서, 우리나라 성장 엔진인 제조업이 위축되고 있다는 우려가 커지고 있다. 9일 통계청은 1월 제조업 생산이 전년 동월 대비 4.2% 줄었다고 밝혔다. 2023년 7월(-6.6%) 이후 18개월 만의 가장 큰 감소 폭이다. 업종별로 보면 자동차(-14.4%), 고무·플라스틱(-12%), 가구(-24.6%), 컴퓨터(-35.5%) 등에서 생산 감소가 두드러졌다. 게다가 문제는 그간 전반적인 제조업 경기가 부진한 와중에도 버팀목 역할을 해주던 반도체마저 생산이 주춤했다는 점이다. 1월 반도체 생산은 전년 동월 대비로는 20.8% 늘었지만, 작년 12월과 비교하면 0.1% 늘며 사실상 제자리걸음을 했다. 작년 10∼12월에 석 달 연속 전달 대비 3∼4%대의 높은 증가율을 기록한 것과 대비된다. 제조업 경기 부진은 출하 감소로도 나타났다. 1월 제조업 제품 출하는 지난해 같은 달과 비교해 7.4% 감소했다. 2023년 1월 9.2% 감소한 이래 2년 만의 최대 감소 폭이다. 국내 판매량을 뜻하는 내수 출하는 11.8% 줄었으며, 외국에 판매하는 수출 출하는 1.2% 감소했다. 제조업 심리 지표로 경기 동향을 보여주는 제조업 구매관리자지수(PMI)도 하락세를 보였다. 스탠더드앤드푸어스(S&P) 글로벌에 따르면 2월 한국 제조업 PMI는 49.9로 전월(50.3)보다 소폭 하락했다. #반도체 제조업 자동차 강우량 기자 2020년 조선일보에 입사해 사회부를 거쳐 경제부에서 일하고 있습니다. 금융 당국과 은행, 보험, 카드 등 금융권을 취재하고 있습니다. 사실을 직시하고, 진실에 귀 기울이겠습니다. 구독수 259 100자평 도움말 삭제기준 AI 추천 오늘의 멤버십 조선경제 2조원 볼레오 광산, 1달러 매각... 산업부, 뒤늦은 책임 전가 서명리의 주역인문학 ‘왕이 될 사주’라더니… 그의 몰락과 역술인들의 비겁한 ‘말 바꿈’ AI 추천 오늘의 멤버십 조선경제 2조원 볼레오 광산, 1달러 매각... 산업부, 뒤늦은 책임 전가 서명리의 주역인문학 ‘왕이 될 사주’라더니… 그의 몰락과 역술인들의 비겁한 ‘말 바꿈’ AI 추천 오늘의 멤버십 조선경제 2조원 볼레오 광산, 1달러 매각... 산업부, 뒤늦은 책임 전가 서명리의 주역인문학 ‘왕이 될 사주’라더니… 그의 몰락과 역술인들의 비겁한 ‘말 바꿈’ By Taboola By Taboola 당신이 좋아할 만한 콘텐츠 AD 허리 협착증 통증 지속되면 '이것' 부터 해결해야 합니다. 평온한 일상 AD 고혈당 심각했던 환자.. '이것' 으로 혈당관리 성공 혜원이아빠 AD 높은 혈당수치로 포기할까했지만 '이것' 덕분에 행복합니다 김여사 S.E.S. 바다 맞아? 확 달라진 얼굴에 ""과한 보정"" 지적[핫피플] 호르무즈해협 재봉쇄 소식에 가상자산 가격 내리막… 비트코인 2%↓ 김용건 “아이가 무슨 죄가 있겠나”...늦둥이 막내 향한 사랑 고백 조선경제 많이 본 뉴스 동학 개미 스승 박세익 ""코스피 주도주, 반도체에서 '이것'으로 바뀐다"" “파괴된 건물은 다시 지어야 합니다. 이미 들어간 비용은 매몰 비용이고, 재건을 위해 경제가 돌아가는 거죠. 이란이 중동의 정유·화학 ... 5만대 판매 넘었다, 배우 이미숙이 숙면을 위해 쓰기 시작한 것 조선몰은 국내 제조·유통기업의 판로를 돕고, 독자 혜택을 위해 정산·교환·반품·AS 걱정이 없는 우수 제품을 단독 최저가로 소개합니다.... 5만대 판매 넘었다, 배우 이미숙이 숙면을 위해 쓰기 시작한 것 조선몰은 국내 제조·유통기업의 판로를 돕고, 독자 혜택을 위해 정산·교환·반품·AS 걱정이 없는 우수 제품을 단독 최저가로 소개합니다.... By Taboola By Taboola 지금 뜨는 콘텐츠 AD 월 O만원대 '실손보험' 최적가 비교가입! ""맞춤형 설계+할인견적"" 굿리치 [등록번호:제2006038313호] AD 갈수록 아파오는 ""허리통증, 다리저림"" 수술없이 안전하게 간단치료! 제일정형외과병원 AD 신차 살 필요 없습니다. 2~3년 렌트후 자유롭게 반납해도 위약금 0원, 자유롭게 인수 가능! 오토모빌 남편 ""친구 아내 옛날부터 좋아해..그 친구 죽고 나서 사랑고백"" 경악(결혼지옥) 연우진, 소개팅 중 바지 찢어져…“그 후로 연락 없더라” 강소라, 벚꽃 나들이 중 드러낸 ‘쇄골 라인’…여리 실루엣 “애 둘 엄마 맞아?” 오늘의 멤버십 홍정기 리듬으로 통증리셋 고관절 푸니 무릎도 가뿐… 앉아서 하는 하체 회복운동 김기철의 공미남 맑고 파워풀한 고음… 뮌헨 흔든 ‘소문의 테너’ 백석종 강화송의 스테이리스트 객실 문 앞엔 얼룩말, 난간 위엔 원숭이… 빅토리아 폭포를 품은 리조트 오늘의 멤버십 홍정기 리듬으로 통증리셋 고관절 푸니 무릎도 가뿐… 앉아서 하는 하체 회복운동 김기철의 공미남 맑고 파워풀한 고음… 뮌헨 흔든 ‘소문의 테너’ 백석종 강화송의 스테이리스트 객실 문 앞엔 얼룩말, 난간 위엔 원숭이… 빅토리아 폭포를 품은 리조트 배종찬의 정치&데이터 배우는 영화판에, 기술 전문가는 AI판에… 하정우 수석이 있어야 할 곳 오늘의 멤버십 1 / 2 홍정기 리듬으로 통증리셋 고관절 푸니 무릎도 가뿐… 앉아서 하는 하체 회복운동 김기철의 공미남 맑고 파워풀한 고음… 뮌헨 흔든 ‘소문의 테너’ 백석종 강화송의 스테이리스트 객실 문 앞엔 얼룩말, 난간 위엔 원숭이… 빅토리아 폭포를 품은 리조트 배종찬의 정치&데이터 배우는 영화판에, 기술 전문가는 AI판에… 하정우 수석이 있어야 할 곳 많이 본 뉴스 1 美 주방위군 출신 아빠가 자녀 7명을 총으로... 2 황교익·서승만 등 '코드 인사'에… 문화예술계 ""우리가 깍두기냐"" 3 트럼프 ""美협상단 곧 도착... 오늘 이란과 합의 이뤄질 것"" 4 지수, 친오빠 물의에 선긋기… ""금전·법률적 관계 없다"" 5 [오늘의 운세] 4월 21일 화요일 (음력 3월 5일 乙丑) 6 '미성년자 성폭행' 왕기춘, 6년 복역 마치고 곧 출소 7 동학 개미 스승 박세익 ""코스피 주도주, 반도체에서 '이것'으로 바뀐다"" 8 한동훈, 신생 로펌 변호사 합류 9 도쿄 엘리베이터가 '덜컹'… 日, 후발지진 주의보 발령 10 美, 호르무즈 기뢰 제거 총력... 해상 드론 이어 돌고래 투입? 6 '미성년자 성폭행' 왕기춘, 6년 복역 마치고 곧 출소 7 동학 개미 스승 박세익 ""코스피 주도주, 반도체에서 '이것'으로 바뀐다"" 8 한동훈, 신생 로펌 변호사 합류 9 도쿄 엘리베이터가 '덜컹'… 日, 후발지진 주의보 발령 10 美, 호르무즈 기뢰 제거 총력... 해상 드론 이어 돌고래 투입? 조선경제 경제 일반 1월 제조업 생산, 18개월 만에 최대폭 감소 4.2% 줄어… 반도체마저 생산 주춤 1월 제조업 생산, 18개월 만에 최대폭 감소 4.2% 줄어… 반도체마저 생산 주춤 1월 제조업 생산, 18개월 만에 최대폭 감소 강우량 기자 입력 2025.03.10. 01:32 업데이트 2025.03.10. 10:41 입력 2025.03.10. 01:32 업데이트 2025.03.10. 10:41 지난 1월 제조업 생산이 18개월 만에 최대 감소세를 보였다. 제조업 판매량을 뜻하는 출하도 내수용과 수출용에서 동반 감소하면서, 우리나라 성장 엔진인 제조업이 위축되고 있다는 우려가 커지고 있다. 9일 통계청은 1월 제조업 생산이 전년 동월 대비 4.2% 줄었다고 밝혔다. 2023년 7월(-6.6%) 이후 18개월 만의 가장 큰 감소 폭이다. 업종별로 보면 자동차(-14.4%), 고무·플라스틱(-12%), 가구(-24.6%), 컴퓨터(-35.5%) 등에서 생산 감소가 두드러졌다. 게다가 문제는 그간 전반적인 제조업 경기가 부진한 와중에도 버팀목 역할을 해주던 반도체마저 생산이 주춤했다는 점이다. 1월 반도체 생산은 전년 동월 대비로는 20.8% 늘었지만, 작년 12월과 비교하면 0.1% 늘며 사실상 제자리걸음을 했다. 작년 10∼12월에 석 달 연속 전달 대비 3∼4%대의 높은 증가율을 기록한 것과 대비된다. 제조업 경기 부진은 출하 감소로도 나타났다. 1월 제조업 제품 출하는 지난해 같은 달과 비교해 7.4% 감소했다. 2023년 1월 9.2% 감소한 이래 2년 만의 최대 감소 폭이다. 국내 판매량을 뜻하는 내수 출하는 11.8% 줄었으며, 외국에 판매하는 수출 출하는 1.2% 감소했다. 제조업 심리 지표로 경기 동향을 보여주는 제조업 구매관리자지수(PMI)도 하락세를 보였다. 스탠더드앤드푸어스(S&P) 글로벌에 따르면 2월 한국 제조업 PMI는 49.9로 전월(50.3)보다 소폭 하락했다. 강우량 기자 2020년 조선일보에 입사해 사회부를 거쳐 경제부에서 일하고 있습니다. 금융 당국과 은행, 보험, 카드 등 금융권을 취재하고 있습니다. 사실을 직시하고, 진실에 귀 기울이겠습니다. 구독수 259 강우량 기자 2020년 조선일보에 입사해 사회부를 거쳐 경제부에서 일하고 있습니다. 금융 당국과 은행, 보험, 카드 등 금융권을 취재하고 있습니다. 사실을 직시하고, 진실에 귀 기울이겠습니다. 2020년 조선일보에 입사해 사회부를 거쳐 경제부에서 일하고 있습니다. 금융 당국과 은행, 보험, 카드 등 금융권을 취재하고 있습니다. 사실을 직시하고, 진실에 귀 기울이겠습니다. AI 추천 오늘의 멤버십 조선경제 2조원 볼레오 광산, 1달러 매각... 산업부, 뒤늦은 책임 전가 서명리의 주역인문학 ‘왕이 될 사주’라더니… 그의 몰락과 역술인들의 비겁한 ‘말 바꿈’ AI 추천 오늘의 멤버십 조선경제 2조원 볼레오 광산, 1달러 매각... 산업부, 뒤늦은 책임 전가 서명리의 주역인문학 ‘왕이 될 사주’라더니… 그의 몰락과 역술인들의 비겁한 ‘말 바꿈’ AI 추천 오늘의 멤버십 조선경제 2조원 볼레오 광산, 1달러 매각... 산업부, 뒤늦은 책임 전가 서명리의 주역인문학 ‘왕이 될 사주’라더니… 그의 몰락과 역술인들의 비겁한 ‘말 바꿈’ AI 추천 오늘의 멤버십 조선경제 2조원 볼레오 광산, 1달러 매각... 산업부, 뒤늦은 책임 전가 서명리의 주역인문학 ‘왕이 될 사주’라더니… 그의 몰락과 역술인들의 비겁한 ‘말 바꿈’ 조선경제 2조원 볼레오 광산, 1달러 매각... 산업부, 뒤늦은 책임 전가 2조원 볼레오 광산, 1달러 매각... 산업부, 뒤늦은 책임 전가 서명리의 주역인문학 ‘왕이 될 사주’라더니… 그의 몰락과 역술인들의 비겁한 ‘말 바꿈’ ‘왕이 될 사주’라더니… 그의 몰락과 역술인들의 비겁한 ‘말 바꿈’ 조선경제 2조원 볼레오 광산, 1달러 매각... 산업부, 뒤늦은 책임 전가 서명리의 주역인문학 ‘왕이 될 사주’라더니… 그의 몰락과 역술인들의 비겁한 ‘말 바꿈’ By Taboola By Taboola 당신이 좋아할 만한 콘텐츠 AD 허리 협착증 통증 지속되면 '이것' 부터 해결해야 합니다. 평온한 일상 AD 고혈당 심각했던 환자.. '이것' 으로 혈당관리 성공 혜원이아빠 AD 높은 혈당수치로 포기할까했지만 '이것' 덕분에 행복합니다 김여사 S.E.S. 바다 맞아? 확 달라진 얼굴에 ""과한 보정"" 지적[핫피플] 호르무즈해협 재봉쇄 소식에 가상자산 가격 내리막… 비트코인 2%↓ 김용건 “아이가 무슨 죄가 있겠나”...늦둥이 막내 향한 사랑 고백 By Taboola By Taboola 당신이 좋아할 만한 콘텐츠 AD 허리 협착증 통증 지속되면 '이것' 부터 해결해야 합니다. 평온한 일상 AD 고혈당 심각했던 환자.. '이것' 으로 혈당관리 성공 혜원이아빠 AD 높은 혈당수치로 포기할까했지만 '이것' 덕분에 행복합니다 김여사 S.E.S. 바다 맞아? 확 달라진 얼굴에 ""과한 보정"" 지적[핫피플] 호르무즈해협 재봉쇄 소식에 가상자산 가격 내리막… 비트코인 2%↓ 김용건 “아이가 무슨 죄가 있겠나”...늦둥이 막내 향한 사랑 고백 AD 허리 협착증 통증 지속되면 '이것' 부터 해결해야 합니다. 평온한 일상 허리 협착증 통증 지속되면 '이것' 부터 해결해야 합니다. 평온한 일상 허리 협착증 통증 지속되면 '이것' 부터 해결해야 합니다. AD 고혈당 심각했던 환자.. '이것' 으로 혈당관리 성공 혜원이아빠 고혈당 심각했던 환자.. '이것' 으로 혈당관리 성공 혜원이아빠 고혈당 심각했던 환자.. '이것' 으로 혈당관리 성공 AD 높은 혈당수치로 포기할까했지만 '이것' 덕분에 행복합니다 김여사 높은 혈당수치로 포기할까했지만 '이것' 덕분에 행복합니다 김여사 높은 혈당수치로 포기할까했지만 '이것' 덕분에 행복합니다 S.E.S. 바다 맞아? 확 달라진 얼굴에 ""과한 보정"" 지적[핫피플] 호르무즈해협 재봉쇄 소식에 가상자산 가격 내리막… 비트코인 2%↓ 김용건 “아이가 무슨 죄가 있겠나”...늦둥이 막내 향한 사랑 고백 조선경제 많이 본 뉴스 동학 개미 스승 박세익 ""코스피 주도주, 반도체에서 '이것'으로 바뀐다"" “파괴된 건물은 다시 지어야 합니다. 이미 들어간 비용은 매몰 비용이고, 재건을 위해 경제가 돌아가는 거죠. 이란이 중동의 정유·화학 ... 5만대 판매 넘었다, 배우 이미숙이 숙면을 위해 쓰기 시작한 것 조선몰은 국내 제조·유통기업의 판로를 돕고, 독자 혜택을 위해 정산·교환·반품·AS 걱정이 없는 우수 제품을 단독 최저가로 소개합니다.... 5만대 판매 넘었다, 배우 이미숙이 숙면을 위해 쓰기 시작한 것 조선몰은 국내 제조·유통기업의 판로를 돕고, 독자 혜택을 위해 정산·교환·반품·AS 걱정이 없는 우수 제품을 단독 최저가로 소개합니다.... 동학 개미 스승 박세익 ""코스피 주도주, 반도체에서 '이것'으로 바뀐다"" “파괴된 건물은 다시 지어야 합니다. 이미 들어간 비용은 매몰 비용이고, 재건을 위해 경제가 돌아가는 거죠. 이란이 중동의 정유·화학 ... 5만대 판매 넘었다, 배우 이미숙이 숙면을 위해 쓰기 시작한 것 조선몰은 국내 제조·유통기업의 판로를 돕고, 독자 혜택을 위해 정산·교환·반품·AS 걱정이 없는 우수 제품을 단독 최저가로 소개합니다.... 5만대 판매 넘었다, 배우 이미숙이 숙면을 위해 쓰기 시작한 것 조선몰은 국내 제조·유통기업의 판로를 돕고, 독자 혜택을 위해 정산·교환·반품·AS 걱정이 없는 우수 제품을 단독 최저가로 소개합니다.... 동학 개미 스승 박세익 ""코스피 주도주, 반도체에서 '이것'으로 바뀐다"" “파괴된 건물은 다시 지어야 합니다. 이미 들어간 비용은 매몰 비용이고, 재건을 위해 경제가 돌아가는 거죠. 이란이 중동의 정유·화학 ... 5만대 판매 넘었다, 배우 이미숙이 숙면을 위해 쓰기 시작한 것 조선몰은 국내 제조·유통기업의 판로를 돕고, 독자 혜택을 위해 정산·교환·반품·AS 걱정이 없는 우수 제품을 단독 최저가로 소개합니다.... 동학 개미 스승 박세익 ""코스피 주도주, 반도체에서 '이것'으로 바뀐다"" “파괴된 건물은 다시 지어야 합니다. 이미 들어간 비용은 매몰 비용이고, 재건을 위해 경제가 돌아가는 거죠. 이란이 중동의 정유·화학 ... 동학 개미 스승 박세익 ""코스피 주도주, 반도체에서 '이것'으로 바뀐다"" “파괴된 건물은 다시 지어야 합니다. 이미 들어간 비용은 매몰 비용이고, 재건을 위해 경제가 돌아가는 거죠. 이란이 중동의 정유·화학 ... 5만대 판매 넘었다, 배우 이미숙이 숙면을 위해 쓰기 시작한 것 조선몰은 국내 제조·유통기업의 판로를 돕고, 독자 혜택을 위해 정산·교환·반품·AS 걱정이 없는 우수 제품을 단독 최저가로 소개합니다.... 5만대 판매 넘었다, 배우 이미숙이 숙면을 위해 쓰기 시작한 것 조선몰은 국내 제조·유통기업의 판로를 돕고, 독자 혜택을 위해 정산·교환·반품·AS 걱정이 없는 우수 제품을 단독 최저가로 소개합니다.... By Taboola By Taboola 지금 뜨는 콘텐츠 AD 월 O만원대 '실손보험' 최적가 비교가입! ""맞춤형 설계+할인견적"" 굿리치 [등록번호:제2006038313호] AD 갈수록 아파오는 ""허리통증, 다리저림"" 수술없이 안전하게 간단치료! 제일정형외과병원 AD 신차 살 필요 없습니다. 2~3년 렌트후 자유롭게 반납해도 위약금 0원, 자유롭게 인수 가능! 오토모빌 남편 ""친구 아내 옛날부터 좋아해..그 친구 죽고 나서 사랑고백"" 경악(결혼지옥) 연우진, 소개팅 중 바지 찢어져…“그 후로 연락 없더라” 강소라, 벚꽃 나들이 중 드러낸 ‘쇄골 라인’…여리 실루엣 “애 둘 엄마 맞아?” By Taboola By Taboola 지금 뜨는 콘텐츠 AD 월 O만원대 '실손보험' 최적가 비교가입! ""맞춤형 설계+할인견적"" 굿리치 [등록번호:제2006038313호] AD 갈수록 아파오는 ""허리통증, 다리저림"" 수술없이 안전하게 간단치료! 제일정형외과병원 AD 신차 살 필요 없습니다. 2~3년 렌트후 자유롭게 반납해도 위약금 0원, 자유롭게 인수 가능! 오토모빌 남편 ""친구 아내 옛날부터 좋아해..그 친구 죽고 나서 사랑고백"" 경악(결혼지옥) 연우진, 소개팅 중 바지 찢어져…“그 후로 연락 없더라” 강소라, 벚꽃 나들이 중 드러낸 ‘쇄골 라인’…여리 실루엣 “애 둘 엄마 맞아?” AD 월 O만원대 '실손보험' 최적가 비교가입! ""맞춤형 설계+할인견적"" 굿리치 [등록번호:제2006038313호] 월 O만원대 '실손보험' 최적가 비교가입! ""맞춤형 설계+할인견적"" 굿리치 [등록번호:제2006038313호] 월 O만원대 '실손보험' 최적가 비교가입! ""맞춤형 설계+할인견적"" AD 갈수록 아파오는 ""허리통증, 다리저림"" 수술없이 안전하게 간단치료! 제일정형외과병원 갈수록 아파오는 ""허리통증, 다리저림"" 수술없이 안전하게 간단치료! 제일정형외과병원 갈수록 아파오는 ""허리통증, 다리저림"" 수술없이 안전하게 간단치료! AD 신차 살 필요 없습니다. 2~3년 렌트후 자유롭게 반납해도 위약금 0원, 자유롭게 인수 가능! 오토모빌 신차 살 필요 없습니다. 2~3년 렌트후 자유롭게 반납해도 위약금 0원, 자유롭게 인수 가능! 오토모빌 신차 살 필요 없습니다. 2~3년 렌트후 자유롭게 반납해도 위약금 0원, 자유롭게 인수 가능! 남편 ""친구 아내 옛날부터 좋아해..그 친구 죽고 나서 사랑고백"" 경악(결혼지옥) 연우진, 소개팅 중 바지 찢어져…“그 후로 연락 없더라” 강소라, 벚꽃 나들이 중 드러낸 ‘쇄골 라인’…여리 실루엣 “애 둘 엄마 맞아?” 오늘의 멤버십 홍정기 리듬으로 통증리셋 고관절 푸니 무릎도 가뿐… 앉아서 하는 하체 회복운동 김기철의 공미남 맑고 파워풀한 고음… 뮌헨 흔든 ‘소문의 테너’ 백석종 강화송의 스테이리스트 객실 문 앞엔 얼룩말, 난간 위엔 원숭이… 빅토리아 폭포를 품은 리조트 오늘의 멤버십 홍정기 리듬으로 통증리셋 고관절 푸니 무릎도 가뿐… 앉아서 하는 하체 회복운동 김기철의 공미남 맑고 파워풀한 고음… 뮌헨 흔든 ‘소문의 테너’ 백석종 강화송의 스테이리스트 객실 문 앞엔 얼룩말, 난간 위엔 원숭이… 빅토리아 폭포를 품은 리조트 배종찬의 정치&데이터 배우는 영화판에, 기술 전문가는 AI판에… 하정우 수석이 있어야 할 곳 오늘의 멤버십 1 / 2 홍정기 리듬으로 통증리셋 고관절 푸니 무릎도 가뿐… 앉아서 하는 하체 회복운동 김기철의 공미남 맑고 파워풀한 고음… 뮌헨 흔든 ‘소문의 테너’ 백석종 강화송의 스테이리스트 객실 문 앞엔 얼룩말, 난간 위엔 원숭이… 빅토리아 폭포를 품은 리조트 배종찬의 정치&데이터 배우는 영화판에, 기술 전문가는 AI판에… 하정우 수석이 있어야 할 곳 홍정기 리듬으로 통증리셋 고관절 푸니 무릎도 가뿐… 앉아서 하는 하체 회복운동 고관절 푸니 무릎도 가뿐… 앉아서 하는 하체 회복운동 김기철의 공미남 맑고 파워풀한 고음… 뮌헨 흔든 ‘소문의 테너’ 백석종 맑고 파워풀한 고음… 뮌헨 흔든 ‘소문의 테너’ 백석종 강화송의 스테이리스트 객실 문 앞엔 얼룩말, 난간 위엔 원숭이… 빅토리아 폭포를 품은 리조트 객실 문 앞엔 얼룩말, 난간 위엔 원숭이… 빅토리아 폭포를 품은 리조트 홍정기 리듬으로 통증리셋 고관절 푸니 무릎도 가뿐… 앉아서 하는 하체 회복운동 김기철의 공미남 맑고 파워풀한 고음… 뮌헨 흔든 ‘소문의 테너’ 백석종 강화송의 스테이리스트 객실 문 앞엔 얼룩말, 난간 위엔 원숭이… 빅토리아 폭포를 품은 리조트 배종찬의 정치&데이터 배우는 영화판에, 기술 전문가는 AI판에… 하정우 수석이 있어야 할 곳 배종찬의 정치&데이터 배우는 영화판에, 기술 전문가는 AI판에… 하정우 수석이 있어야 할 곳 배우는 영화판에, 기술 전문가는 AI판에… 하정우 수석이 있어야 할 곳 오늘의 멤버십 1 / 2 홍정기 리듬으로 통증리셋 고관절 푸니 무릎도 가뿐… 앉아서 하는 하체 회복운동 김기철의 공미남 맑고 파워풀한 고음… 뮌헨 흔든 ‘소문의 테너’ 백석종 강화송의 스테이리스트 객실 문 앞엔 얼룩말, 난간 위엔 원숭이… 빅토리아 폭포를 품은 리조트 배종찬의 정치&데이터 배우는 영화판에, 기술 전문가는 AI판에… 하정우 수석이 있어야 할 곳 홍정기 리듬으로 통증리셋 고관절 푸니 무릎도 가뿐… 앉아서 하는 하체 회복운동 김기철의 공미남 맑고 파워풀한 고음… 뮌헨 흔든 ‘소문의 테너’ 백석종 강화송의 스테이리스트 객실 문 앞엔 얼룩말, 난간 위엔 원숭이… 빅토리아 폭포를 품은 리조트 배종찬의 정치&데이터 배우는 영화판에, 기술 전문가는 AI판에… 하정우 수석이 있어야 할 곳 많이 본 뉴스 1 美 주방위군 출신 아빠가 자녀 7명을 총으로... 2 황교익·서승만 등 '코드 인사'에… 문화예술계 ""우리가 깍두기냐"" 3 트럼프 ""美협상단 곧 도착... 오늘 이란과 합의 이뤄질 것"" 4 지수, 친오빠 물의에 선긋기… ""금전·법률적 관계 없다"" 5 [오늘의 운세] 4월 21일 화요일 (음력 3월 5일 乙丑) 6 '미성년자 성폭행' 왕기춘, 6년 복역 마치고 곧 출소 7 동학 개미 스승 박세익 ""코스피 주도주, 반도체에서 '이것'으로 바뀐다"" 8 한동훈, 신생 로펌 변호사 합류 9 도쿄 엘리베이터가 '덜컹'… 日, 후발지진 주의보 발령 10 美, 호르무즈 기뢰 제거 총력... 해상 드론 이어 돌고래 투입? 6 '미성년자 성폭행' 왕기춘, 6년 복역 마치고 곧 출소 7 동학 개미 스승 박세익 ""코스피 주도주, 반도체에서 '이것'으로 바뀐다"" 8 한동훈, 신생 로펌 변호사 합류 9 도쿄 엘리베이터가 '덜컹'… 日, 후발지진 주의보 발령 10 美, 호르무즈 기뢰 제거 총력... 해상 드론 이어 돌고래 투입? 1 美 주방위군 출신 아빠가 자녀 7명을 총으로... 2 황교익·서승만 등 '코드 인사'에… 문화예술계 ""우리가 깍두기냐"" 3 트럼프 ""美협상단 곧 도착... 오늘 이란과 합의 이뤄질 것"" 4 지수, 친오빠 물의에 선긋기… ""금전·법률적 관계 없다"" 5 [오늘의 운세] 4월 21일 화요일 (음력 3월 5일 乙丑) 6 '미성년자 성폭행' 왕기춘, 6년 복역 마치고 곧 출소 7 동학 개미 스승 박세익 ""코스피 주도주, 반도체에서 '이것'으로 바뀐다"" 8 한동훈, 신생 로펌 변호사 합류 9 도쿄 엘리베이터가 '덜컹'… 日, 후발지진 주의보 발령 10 美, 호르무즈 기뢰 제거 총력... 해상 드론 이어 돌고래 투입? 6 '미성년자 성폭행' 왕기춘, 6년 복역 마치고 곧 출소 7 동학 개미 스승 박세익 ""코스피 주도주, 반도체에서 '이것'으로 바뀐다"" 8 한동훈, 신생 로펌 변호사 합류 9 도쿄 엘리베이터가 '덜컹'… 日, 후발지진 주의보 발령 10 美, 호르무즈 기뢰 제거 총력... 해상 드론 이어 돌고래 투입? 1 美 주방위군 출신 아빠가 자녀 7명을 총으로... 2 황교익·서승만 등 '코드 인사'에… 문화예술계 ""우리가 깍두기냐"" 3 트럼프 ""美협상단 곧 도착... 오늘 이란과 합의 이뤄질 것"" 4 지수, 친오빠 물의에 선긋기… ""금전·법률적 관계 없다"" 5 [오늘의 운세] 4월 21일 화요일 (음력 3월 5일 乙丑) 6 '미성년자 성폭행' 왕기춘, 6년 복역 마치고 곧 출소 7 동학 개미 스승 박세익 ""코스피 주도주, 반도체에서 '이것'으로 바뀐다"" 8 한동훈, 신생 로펌 변호사 합류 9 도쿄 엘리베이터가 '덜컹'… 日, 후발지진 주의보 발령 10 美, 호르무즈 기뢰 제거 총력... 해상 드론 이어 돌고래 투입? 1 美 주방위군 출신 아빠가 자녀 7명을 총으로... 美 주방위군 출신 아빠가 자녀 7명을 총으로... 2 황교익·서승만 등 '코드 인사'에… 문화예술계 ""우리가 깍두기냐"" 황교익·서승만 등 '코드 인사'에… 문화예술계 ""우리가 깍두기냐"" 3 트럼프 ""美협상단 곧 도착... 오늘 이란과 합의 이뤄질 것"" 트럼프 ""美협상단 곧 도착... 오늘 이란과 합의 이뤄질 것"" 4 지수, 친오빠 물의에 선긋기… ""금전·법률적 관계 없다"" 지수, 친오빠 물의에 선긋기… ""금전·법률적 관계 없다"" 5 [오늘의 운세] 4월 21일 화요일 (음력 3월 5일 乙丑) [오늘의 운세] 4월 21일 화요일 (음력 3월 5일 乙丑) 6 '미성년자 성폭행' 왕기춘, 6년 복역 마치고 곧 출소 '미성년자 성폭행' 왕기춘, 6년 복역 마치고 곧 출소 7 동학 개미 스승 박세익 ""코스피 주도주, 반도체에서 '이것'으로 바뀐다"" 9 도쿄 엘리베이터가 '덜컹'… 日, 후발지진 주의보 발령 도쿄 엘리베이터가 '덜컹'… 日, 후발지진 주의보 발령 10 美, 호르무즈 기뢰 제거 총력... 해상 드론 이어 돌고래 투입? 美, 호르무즈 기뢰 제거 총력... 해상 드론 이어 돌고래 투입? 6 '미성년자 성폭행' 왕기춘, 6년 복역 마치고 곧 출소 7 동학 개미 스승 박세익 ""코스피 주도주, 반도체에서 '이것'으로 바뀐다"" 8 한동훈, 신생 로펌 변호사 합류 9 도쿄 엘리베이터가 '덜컹'… 日, 후발지진 주의보 발령 10 美, 호르무즈 기뢰 제거 총력... 해상 드론 이어 돌고래 투입? 오피니언 사설 칼럼 朝鮮칼럼 The Column 태평로 동서남북 경제포커스 만물상 에스프레소 데스크에서 기자의 시각 특파원 칼럼 기자수첩 팔면봉 ESSAY 전문가 칼럼 정치 정치 일반 청와대 국회·정당 북한 외교·국방 행정 국제 국제 일반 미국 중국 | 일본 아시아 유럽 중동·아프리카·중남미 해외토픽 사회 사회 일반 사건사고 법조 교육 노동 교통·환경 복지·의료 취업 피플 부음·인사 아무튼, 주말 전국 조선경제 WEEKLY BIZ 테크 과학 산업·재계 자동차 부동산 생활경제 중기·벤처 스타트업 취중잡담 경제 일반 머니 증권·금융 국제경제 재테크 스포츠 스포츠 일반 야구 해외야구 축구 해외축구 농구 배구 골프 스포츠포토 건강 조선몰 문화·연예 연예 일반 스타 | 방송 영화 소식 | 음악 연예 포토 문화 일반 책 | 영화 음악 | 공연 미술·전시 종교·학술 방송·미디어 건축·디자인 패션·뷰티 여행 | 음식·맛집 리빙 조선리더스 조선일보 구독신청 초판서비스 신문은 선생님 오늘의 운세 DB조선 지면 PDF보기 인물검색 사진검색 뉴스 라이브러리 뉴스Q 뉴스레터 오피니언 정치 국제 사회 조선경제 스포츠 건강 문화· 연예 조선 리더스 조선몰 조선일보 공식 SNS 페이스북 트위터 유튜브 인스타그램 오피니언 사설 칼럼 朝鮮칼럼 The Column 태평로 동서남북 경제포커스 만물상 에스프레소 데스크에서 기자의 시각 특파원 칼럼 기자수첩 팔면봉 ESSAY 전문가 칼럼 정치 정치 일반 청와대 국회·정당 북한 외교·국방 행정 국제 국제 일반 미국 중국 | 일본 아시아 유럽 중동·아프리카·중남미 해외토픽 사회 사회 일반 사건사고 법조 교육 노동 교통·환경 복지·의료 취업 피플 부음·인사 아무튼, 주말 전국 조선경제 WEEKLY BIZ 테크 과학 산업·재계 자동차 부동산 생활경제 중기·벤처 스타트업 취중잡담 경제 일반 머니 증권·금융 국제경제 재테크 스포츠 스포츠 일반 야구 해외야구 축구 해외축구 농구 배구 골프 스포츠포토 건강 조선몰 문화·연예 연예 일반 스타 | 방송 영화 소식 | 음악 연예 포토 문화 일반 책 | 영화 음악 | 공연 미술·전시 종교·학술 방송·미디어 건축·디자인 패션·뷰티 여행 | 음식·맛집 리빙 조선리더스 조선일보 구독신청 초판서비스 신문은 선생님 오늘의 운세 DB조선 지면 PDF보기 인물검색 사진검색 뉴스 라이브러리 뉴스Q 뉴스레터 오피니언 정치 국제 사회 조선경제 스포츠 건강 문화· 연예 조선 리더스 조선몰 조선일보 공식 SNS 오피니언 정치 국제 사회 조선경제 스포츠 건강 문화· 연예 조선 리더스 조선몰 조선일보 공식 SNS 주소: 서울특별시 중구 세종대로21길 30, 4층(태평로1가) | 대표번호 02)724-5114 인터넷신문등록번호: 서울 아 01718 등록(발행)일자: 2011년 07월 26일 발행인·편집인: 홍준호 개인정보처리방침 청소년보호정책(책임자: 나민수) Copyright 조선일보 All rights reserved. 무단 전재 및 재배포 금지. 회사소개 기자채용 고객센터 독자권익보호위원회 기사제보 뉴지엄 광고안내 콘텐츠구매 제휴문의 사이트맵 조선미디어 관계사 개인정보처리방침 사이트맵 Copyright 조선일보 All rights reserved. 무단 전재 및 재배포 금지. 주소: 서울특별시 중구 세종대로21길 30, 4층(태평로1가) | 대표번호 02)724-5114 인터넷신문등록번호: 서울 아 01718 등록(발행)일자: 2011년 07월 26일 발행인·편집인: 홍준호 개인정보처리방침 청소년보호정책(책임자: 나민수) Copyright 조선일보 All rights reserved. 무단 전재 및 재배포 금지. 회사소개 기자채용 고객센터 독자권익보호위원회 기사제보 뉴지엄 광고안내 콘텐츠구매 제휴문의 사이트맵 조선미디어 관계사 주소: 서울특별시 중구 세종대로21길 30, 4층(태평로1가) | 대표번호 02)724-5114 인터넷신문등록번호: 서울 아 01718 등록(발행)일자: 2011년 07월 26일 발행인·편집인: 홍준호 개인정보처리방침 청소년보호정책(책임자: 나민수) Copyright 조선일보 All rights reserved. 무단 전재 및 재배포 금지. 주소: 서울특별시 중구 세종대로21길 30, 4층(태평로1가) | 대표번호 02)724-5114 인터넷신문등록번호: 서울 아 01718 등록(발행)일자: 2011년 07월 26일 발행인·편집인: 홍준호 주소: 서울특별시 중구 세종대로21길 30, 4층(태평로1가) | 대표번호 02)724-5114 개인정보처리방침 청소년보호정책(책임자: 나민수) Copyright 조선일보 All rights reserved. 무단 전재 및 재배포 금지. Copyright 조선일보 All rights reserved. 무단 전재 및 재배포 금지. 회사소개 기자채용 고객센터 독자권익보호위원회 기사제보 뉴지엄 광고안내 콘텐츠구매 제휴문의 사이트맵 조선미디어 관계사 회사소개 기자채용 고객센터 독자권익보호위원회 기사제보 뉴지엄 광고안내 콘텐츠구매 제휴문의 사이트맵 개인정보처리방침 사이트맵 Copyright 조선일보 All rights reserved. 무단 전재 및 재배포 금지.",True,15069,83,56,change_rate,easy,산업,heuristic
제조업 취업자 1년째 내리막에...‘쉬었음’ 20대 5년 만 최대,2025-07-16,https://www.chosun.com/economy/economy_general/2025/07/16/JJGWFZ2EF5BPZPOLN4O4NQHNLU,"2026년 4월 21일(화) 신문구독 | English | 日本語 | 中文 0 조선경제 오피니언 정치 사회 국제 건강 스포츠 문화·연예 콘텐츠판 땅집고 BEMIL 군사세계 헬스조선 IT조선 조선에듀 어린이조선일보 산&트래블 이코노미조선 신문은 선생님 THE BOUTIQUE 행복플러스 주간조선 여성조선 월간조선 민학수 올댓골프 Topclass Life&Learning English 日本語 中文 검색 2026년 4월 21일(화) 신문구독 | English | 日本語 | 中文 0 신문구독 | English | 日本語 | 中文 조선경제 오피니언 정치 사회 국제 건강 스포츠 문화·연예 콘텐츠판 땅집고 BEMIL 군사세계 헬스조선 IT조선 조선에듀 어린이조선일보 산&트래블 이코노미조선 신문은 선생님 THE BOUTIQUE 행복플러스 주간조선 여성조선 월간조선 민학수 올댓골프 Topclass Life&Learning 콘텐츠판 땅집고 BEMIL 군사세계 헬스조선 IT조선 조선에듀 어린이조선일보 산&트래블 이코노미조선 신문은 선생님 THE BOUTIQUE 행복플러스 주간조선 여성조선 월간조선 민학수 올댓골프 Topclass Life&Learning 땅집고 BEMIL 군사세계 헬스조선 IT조선 조선에듀 어린이조선일보 산&트래블 이코노미조선 신문은 선생님 THE BOUTIQUE 행복플러스 주간조선 여성조선 월간조선 민학수 올댓골프 Topclass Life&Learning 조선경제 경제 일반 제조업 취업자 1년째 내리막에...'쉬었음' 20대 5년 만 최대 강우량 기자 입력 2025.07.16. 08:25 업데이트 2025.07.16. 09:45 0 제조업 취업자 수가 1년째 내리막을 이어가고 있는 것으로 파악됐다. 중국의 거센 추격 속에 산업 경쟁력이 떨어지고 있고, 미국발 관세 전쟁으로 수출이 위축된 영향이다. 건설업도 경기 부진으로 14개월째 고용 감소세다. 제조업과 제조업에서 고용이 위축되면서, 일자리를 구하지 않고 ‘그냥 쉰다’는 이들이 늘어나고 있다. 16일 통계청이 발표한 ‘2025년 6월 고용동향’에 따르면, 지난달 15세 이상 취업자는 2909만1000명으로 전년 동월 대비 18만3000명 늘었다. 전체 인구 중 취업자 비율을 뜻하는 고용률은 63.6%로 전년 동월 대비 0.1%포인트 증가하며, 지난 1982년 관련 통계 작성 이래 최고치를 새로 썼다. 국제 비교 기준인 15~64세 고용률은 70.3%로 마찬가지로 6월 기준 역대 최대치를 보였다. 그러나 업종별로는 고용시장에서 희비가 갈렸다. 고령 돌봄 수요 확대 등에 따라 지난달 보건·사회복지서비스업 취업자 수는 323만4000명으로 전년 동월 대비 21만6000명 증가했다. 전문·과학기술서비스업(10만2000명)과 교육서비스업(7만2000명)도 마찬가지로 증가세를 보였다. 반면 국내 산업 중 가장 많은 인력을 고용하는 제조업은 지난달 취업자 수가 441만4000명으로 전년 동월 대비 8만3000명 줄었다. 제조업 취업자 수는 작년 7월(-1만1000명)부터 1년 연속으로 감소세를 이어가고 있다. 이는 코로나가 번진 2020년 3월부터 2021년 3월까지 이후로 4년 만이다. 지난달 건설업 취업자 수도 196만명으로 전년 동월 대비 9만7000명 감소하며 200만명을 밑돌았다. 건설업 취업자는 14개월째 감소세를 이어가고 있다. 청년층 고용이 활발한 업종인 제조업과 건설업에서 고용 시장이 위축되면서, 청년 취업난은 더욱 커지고 있다. 지난달 15~29세 고용률은 45.6%로 전년 동월 대비 1%포인트 하락했다. 청년층 고용률은 작년 5월(-0.7%포인트)부터 1년 넘게 감소세를 이어가고 있다. 20대만 떼어놓고 봐도 고용률은 61로 전년 동월 대비 0.5%포인트 떨어졌다. 특히 구직 활동조차 하지 않은 채 ‘그냥 쉬었다’는 20대는 계속 늘어나는 모습이다. 지난달 비경제활동인구 중 활동 상태를 ‘쉬었음’이라고 응답한 20대는 39만6000명으로 전년 동월 대비 2000명 늘었다. 이는 같은 6월 기준으로 코로나가 시작된 지난 2020년 6월(41만5000명) 이후 5년 만에 최대 규모다. 제조업 고용 청년 쉬었음",True,2026,39,25,ratio,easy,고용,heuristic
